{
"type": "FeatureCollection",
"name": "basins",
"crs": { "type": "name", "properties": { "name": "urn:ogc:def:crs:OGC:1.3:CRS84" } },
"features": [
{ "type": "Feature", "properties": { "pfaf_id": 231401, "province": "Beja", "area_km2": 6090.6, "bws_score": 1.638, "pvout": 1615.0, "solar_norm": 1.0, "water_stress_norm": 0.328, "viability": 0.672, "lon": -7.7827, "lat": 37.7251, "runoff_mm": 230.0, "avail_m3_yr": 1378583362.0, "avail_Mm3_yr": 1378.6, "bws_monthly": [ 0.0, 0.0, 0.0, 0.0, 0.32, 1.983, 2.368, 2.233, 1.745, 0.861, 0.055, 0.0 ], "coastal": false }, "geometry": { "type": "MultiPolygon", "coordinates": [ [ [ [ -7.422789509927895, 37.182766045616575 ], [ -7.481377156730332, 37.183900621316695 ], [ -7.489456176761109, 37.191099378633453 ], [ -7.5105438236385, 37.192233954333574 ], [ -7.515698920168973, 37.196229214107007 ], [ -7.521840243832116, 37.207734001822757 ], [ -7.557418653348122, 37.208935716410224 ], [ -7.562895880740257, 37.219865587327035 ], [ -7.568877156555459, 37.221400621241742 ], [ -7.576956176586236, 37.228599378558499 ], [ -7.586532253960286, 37.233729214032053 ], [ -7.59109937913297, 37.243622843819253 ], [ -7.591666666983031, 37.250000000299849 ], [ -7.622575548222926, 37.249646674654343 ], [ -7.630879550750592, 37.250353325945298 ], [ -7.63507554819796, 37.246186658987199 ], [ -7.651712883742562, 37.245480007696244 ], [ -7.655908881189873, 37.249646674654343 ], [ -7.67742445157711, 37.250353325945298 ], [ -7.680908881139885, 37.25381334071318 ], [ -7.693379550625707, 37.254519992004077 ], [ -7.697575548073019, 37.250353325945298 ], [ -7.735468377263771, 37.249357265625349 ], [ -7.747968377238749, 37.24519059956657 ], [ -7.756198290019029, 37.238142734099938 ], [ -7.768698289994063, 37.233976067141839 ], [ -7.781301710205696, 37.232690599591535 ], [ -7.80203162296101, 37.221476067166805 ], [ -7.807588365710444, 37.219803195960765 ], [ -7.809110006021911, 37.204886542280178 ], [ -7.831301710105777, 37.203523932683424 ], [ -7.841988457401328, 37.199357265725268 ], [ -7.85619828981919, 37.207690599641523 ], [ -7.868801710030823, 37.208976067191827 ], [ -7.872864956752323, 37.211857265700303 ], [ -7.885468376963956, 37.213142734149926 ], [ -7.897968376938991, 37.217309401108025 ], [ -7.916666666333526, 37.216666666433582 ], [ -7.920833333291625, 37.220833333391681 ], [ -7.921494547235511, 37.228267076364546 ], [ -7.932629055286611, 37.234252759757112 ], [ -7.934041849751509, 37.244945949795806 ], [ -7.939710489747256, 37.246400621191754 ], [ -7.956377156680389, 37.254733954208689 ], [ -7.968622843669266, 37.266099377584283 ], [ -7.9811228436443, 37.2744327123998 ], [ -8.002210489622371, 37.279733954158701 ], [ -8.014456176611191, 37.288067288074956 ], [ -8.029913330036095, 37.286932712374835 ], [ -8.0352895114018, 37.291099378433614 ], [ -8.053260973215288, 37.292304314392652 ], [ -8.059079996944263, 37.300567288049933 ], [ -8.070833332991867, 37.291666666283675 ], [ -8.071684265216618, 37.299149067975179 ], [ -8.077210490371783, 37.300567288049933 ], [ -8.090964254097003, 37.313433160112311 ], [ -8.09223395473316, 37.323043823613602 ], [ -8.096253863125241, 37.328867172182299 ], [ -8.094522134888564, 37.329148424360369 ], [ -8.081591118635174, 37.341313341437626 ], [ -8.076742214281694, 37.342019992728524 ], [ -8.06702541818845, 37.351710679704183 ], [ -8.066313341287639, 37.355882263255921 ], [ -8.074646674304518, 37.364242214406715 ], [ -8.075353325595472, 37.369091118760196 ], [ -8.083333332966902, 37.379166667008121 ], [ -8.075899589994037, 37.379827880952007 ], [ -8.074999999949966, 37.391666666983156 ], [ -8.079733954758183, 37.400746663028144 ], [ -8.074432712099963, 37.409358554753567 ], [ -8.095266045091876, 37.431122843444541 ], [ -8.099432712049975, 37.443622843419519 ], [ -8.099999999900035, 37.462499999875149 ], [ -8.092021518678109, 37.468379550675763 ], [ -8.092019993427925, 37.481591119434654 ], [ -8.102424451627087, 37.487853324571347 ], [ -8.111649237622146, 37.496684265066847 ], [ -8.116668023010789, 37.506265937123374 ], [ -8.108333332916914, 37.51249999977523 ], [ -8.107766045066853, 37.527210490172024 ], [ -8.104624090829077, 37.531264749968273 ], [ -8.146567450327552, 37.574119058847543 ], [ -8.157365586752405, 37.579562547273781 ], [ -8.16193271192509, 37.589456177060981 ], [ -8.163067287625154, 37.602210490022173 ], [ -8.167517428986116, 37.61164906824996 ], [ -8.1743825279313, 37.61867319701048 ], [ -8.175617471569012, 37.639506530901713 ], [ -8.174294365592459, 37.65752631328877 ], [ -8.163471815272032, 37.659101528912458 ], [ -8.157715860998167, 37.671302456643105 ], [ -8.161882527956266, 37.677006530826816 ], [ -8.16249999977515, 37.687500000324803 ], [ -8.159101698284701, 37.688471645849802 ], [ -8.157523939378279, 37.699311998250153 ], [ -8.145833333741336, 37.700000000299838 ], [ -8.142019992428686, 37.710075547648444 ], [ -8.141005452839352, 37.71993374324768 ], [ -8.133068678576592, 37.721970452274604 ], [ -8.137895879591099, 37.72819892024404 ], [ -8.143877156305678, 37.729733954158689 ], [ -8.157225376150166, 37.742122734976306 ], [ -8.158900621566374, 37.746770561712083 ], [ -8.150567287650176, 37.756122843694357 ], [ -8.149432711950055, 37.760543823638614 ], [ -8.138067287675142, 37.77278950972817 ], [ -8.137499999825081, 37.779166667108029 ], [ -8.131377156330643, 37.782766045316805 ], [ -8.117626444904488, 37.783989290573345 ], [ -8.111285061656247, 37.796400620991903 ], [ -8.092477585572055, 37.792673407751636 ], [ -8.090746901448313, 37.799417114408357 ], [ -8.081377156430563, 37.807766045266817 ], [ -8.071579996919297, 37.813067287925037 ], [ -8.064583332554719, 37.808802117323921 ], [ -8.052210490421771, 37.816099379183072 ], [ -8.0352895114018, 37.817233954883136 ], [ -8.023043824412923, 37.82443271219995 ], [ -8.016666667033007, 37.825000000050011 ], [ -8.016049025242296, 37.835493470447375 ], [ -8.012386067662874, 37.840507845560694 ], [ -8.004883829624987, 37.842652893216496 ], [ -8.003549024367942, 37.856326803439288 ], [ -8.000617641890642, 37.860339864393268 ], [ -7.999205864558974, 37.870039198350355 ], [ -7.989506530601886, 37.871450975682023 ], [ -7.977006530626852, 37.879784308698959 ], [ -7.967773099448948, 37.887796698858608 ], [ -7.962386067762793, 37.898841179376973 ], [ -7.950861443700603, 37.904497782846477 ], [ -7.949382358409082, 37.914660136356247 ], [ -7.944906955091881, 37.924073621700359 ], [ -7.938426378374629, 37.925926377999986 ], [ -7.936882358434048, 37.93132680239006 ], [ -7.928869968274341, 37.940560235366604 ], [ -7.921759711441496, 37.942593044933119 ], [ -7.914924452001799, 37.949646674154735 ], [ -7.905908881589539, 37.95035332544569 ], [ -7.895833333341614, 37.95416666675834 ], [ -7.891099379432774, 37.973043823213914 ], [ -7.879733954258541, 37.98528951020279 ], [ -7.87859937855842, 37.998043823163982 ], [ -7.874604118784987, 38.003198920593775 ], [ -7.867517598658196, 38.005017598883114 ], [ -7.862853326020115, 38.010757785343571 ], [ -7.866666666433446, 38.020833333591497 ], [ -7.889924452051787, 38.021186659237003 ], [ -7.90174221463144, 38.028813340962984 ], [ -7.916666666333526, 38.029166666608432 ], [ -7.917284308124295, 38.043826972137083 ], [ -7.924382357559693, 38.060339694921026 ], [ -7.925794134891362, 38.070039197950678 ], [ -7.935493468848449, 38.071450805310462 ], [ -7.94515109584637, 38.07599622984219 ], [ -7.946450975032405, 38.096302625765645 ], [ -7.941049023593507, 38.106326972012198 ], [ -7.933950975057428, 38.114506360879886 ], [ -7.932715690576629, 38.122993638945331 ], [ -7.924382357559693, 38.137969292648791 ], [ -7.929280598720595, 38.144674682790424 ], [ -7.936573622074945, 38.146759710592221 ], [ -7.932295226943097, 38.15761447462836 ], [ -7.913274637614393, 38.159072537367763 ], [ -7.911725362035781, 38.174260796198837 ], [ -7.893698289744236, 38.175642903996902 ], [ -7.884026591054294, 38.180212401581116 ], [ -7.882626343031234, 38.207555475404945 ], [ -7.868698289794168, 38.208976236963792 ], [ -7.860468377013945, 38.216023763386033 ], [ -7.841666665584114, 38.225000000149919 ], [ -7.841666665584114, 38.241666667083052 ], [ -7.826742214781348, 38.242019992728558 ], [ -7.818613264390592, 38.245716942882666 ], [ -7.811701971768514, 38.245472464882425 ], [ -7.810232534403895, 38.245672903981358 ], [ -7.802088731709546, 38.249803252717982 ], [ -7.794091118310405, 38.257980006572097 ], [ -7.790357284261233, 38.25478321797118 ], [ -7.787443443959717, 38.253180514569124 ], [ -7.780882601850521, 38.245480006597063 ], [ -7.774451885346195, 38.248405204436665 ], [ -7.760075547948134, 38.250353325745436 ], [ -7.755879551400142, 38.254519992703536 ], [ -7.747575547973099, 38.253813341412638 ], [ -7.739242214956221, 38.250353325745436 ], [ -7.733691405933598, 38.25587633042835 ], [ -7.732482401441644, 38.261649237822098 ], [ -7.72083333369136, 38.266666667033121 ], [ -7.709079996744435, 38.261932712224962 ], [ -7.701956176336409, 38.263067287925026 ], [ -7.696579996769401, 38.267233954883181 ], [ -7.676956176386398, 38.266099379183061 ], [ -7.673043823313776, 38.263067287925026 ], [ -7.663419427164797, 38.261795722094973 ], [ -7.657482401591494, 38.250850762352854 ], [ -7.650850932124797, 38.249149237847121 ], [ -7.649094306157281, 38.242304484264594 ], [ -7.631122843444416, 38.241099379232992 ], [ -7.623043823413695, 38.233900621016915 ], [ -7.613387384420207, 38.232624986653889 ], [ -7.612499999975, 38.229166667108075 ], [ -7.601742214331694, 38.229519992753524 ], [ -7.598257785668238, 38.232980008420725 ], [ -7.587500000024932, 38.233333333166854 ], [ -7.568877156555459, 38.22140062104188 ], [ -7.555147637653306, 38.220179240079915 ], [ -7.538067287974911, 38.202210489722347 ], [ -7.536612616578964, 38.196541680654093 ], [ -7.526956176686156, 38.195266045391747 ], [ -7.523396826402347, 38.191789582023659 ], [ -7.517596683939757, 38.190834492118142 ], [ -7.508315210978139, 38.189797785139717 ], [ -7.503315734933153, 38.180017428561541 ], [ -7.496684264567136, 38.178315904055808 ], [ -7.494933743197635, 38.171494547235625 ], [ -7.483333333266671, 38.170833333291739 ], [ -7.491197882975882, 38.156249999837655 ], [ -7.488067288074831, 38.152210489822323 ], [ -7.48693271237471, 38.139456176861131 ], [ -7.483900621116732, 38.13554382288919 ], [ -7.482677374960815, 38.121793281434861 ], [ -7.471541849776486, 38.115779283786992 ], [ -7.470130410589945, 38.105095756963692 ], [ -7.460543822839099, 38.096400621291707 ], [ -7.430181036925262, 38.095242987873633 ], [ -7.425567288199716, 38.089710489947208 ], [ -7.424297079446603, 38.080095757013623 ], [ -7.414710489897118, 38.071400621341638 ], [ -7.408729214081916, 38.069865587426989 ], [ -7.403315735133049, 38.059184095769467 ], [ -7.397789509977883, 38.05776604566654 ], [ -7.385543822989007, 38.050567286551086 ], [ -7.380017598733161, 38.049149237347478 ], [ -7.37831573518298, 38.042517428836334 ], [ -7.37122921415687, 38.040698921418141 ], [ -7.366099378683316, 38.031122843144772 ], [ -7.358900621366558, 38.023043823113994 ], [ -7.358333334415818, 38.012499999675299 ], [ -7.351712883442758, 38.012145148779666 ], [ -7.339924452251637, 38.000353325345714 ], [ -7.330908880940058, 38.000353325345714 ], [ -7.327424452276603, 38.003813341012915 ], [ -7.312499999675197, 38.004166666658364 ], [ -7.312145826868345, 37.993383110941863 ], [ -7.285050625086228, 37.966313341087869 ], [ -7.276742214981198, 37.967019992378823 ], [ -7.262369459582828, 37.979410454928598 ], [ -7.250132082329685, 37.966792871294047 ], [ -7.251367925289458, 37.959563680019869 ], [ -7.24837725410697, 37.954990388195938 ], [ -7.253135087714099, 37.944518087839526 ], [ -7.253402161180759, 37.938476454924512 ], [ -7.257727303072556, 37.932623547438823 ], [ -7.254941939918524, 37.924694060382649 ], [ -7.261338392252981, 37.924284296882831 ], [ -7.262315034411245, 37.917304990333093 ], [ -7.267690339837259, 37.912592568891966 ], [ -7.273891507986662, 37.899434884812138 ], [ -7.282016157819385, 37.897770880022165 ], [ -7.282692789740395, 37.889968872765337 ], [ -7.280078051360931, 37.876062870904832 ], [ -7.28882551498549, 37.86200332509344 ], [ -7.296900908050418, 37.857266743365585 ], [ -7.303316589688791, 37.839464819945533 ], [ -7.310143950382951, 37.835834499662496 ], [ -7.31364846000838, 37.829162595777234 ], [ -7.320252576595067, 37.823468526551324 ], [ -7.324740413039592, 37.815517426987697 ], [ -7.356561899312169, 37.799076080696636 ], [ -7.36583042473427, 37.792894365782388 ], [ -7.368663787403818, 37.787387846571903 ], [ -7.37889941677463, 37.782131196797366 ], [ -7.381644010062985, 37.776041030169438 ], [ -7.390552994624954, 37.771512985036281 ], [ -7.395425559242142, 37.764892575432043 ], [ -7.409353635861578, 37.766455080037986 ], [ -7.415479027135348, 37.759146373406452 ], [ -7.422481654904402, 37.754617690653959 ], [ -7.418981790277371, 37.743580818400119 ], [ -7.426826000019844, 37.741836550016842 ], [ -7.426795004885548, 37.733180999803324 ], [ -7.431717531338961, 37.720308577079209 ], [ -7.435155106223135, 37.719400786117433 ], [ -7.4430991802829, 37.701888401228814 ], [ -7.447665557219636, 37.697194780115069 ], [ -7.443864030300688, 37.689144136392827 ], [ -7.451260564723214, 37.678976059597517 ], [ -7.444075585020187, 37.664480210393435 ], [ -7.454751017045737, 37.662984850970133 ], [ -7.453568697237529, 37.647227288008992 ], [ -7.463611722403016, 37.643357277716234 ], [ -7.47005335307972, 37.636308033588932 ], [ -7.470508455900472, 37.625278950363338 ], [ -7.477550509948003, 37.62573432477933 ], [ -7.479795930038108, 37.618667605026019 ], [ -7.486282945001847, 37.611753461553064 ], [ -7.490539549560538, 37.603397370292441 ], [ -7.497677090025661, 37.607017520142506 ], [ -7.503692229812486, 37.604312262301107 ], [ -7.497145057398427, 37.595202444737083 ], [ -7.501242159997616, 37.586532589907165 ], [ -7.50124990855636, 37.578474994425505 ], [ -7.514370796874744, 37.571450235240206 ], [ -7.511604789829164, 37.560066220179976 ], [ -7.51970648356729, 37.559303285718102 ], [ -7.522683385229982, 37.553611755278325 ], [ -7.51988816011044, 37.547136305596098 ], [ -7.512434480067157, 37.538124085158472 ], [ -7.512456574611178, 37.526215873263993 ], [ -7.503372189874597, 37.522182459752742 ], [ -7.494805096977586, 37.523352623424898 ], [ -7.491052309716281, 37.52088419664841 ], [ -7.491143070196472, 37.510879516776356 ], [ -7.484005449691722, 37.49815368984099 ], [ -7.466680050044204, 37.491027829770587 ], [ -7.463351964921173, 37.485626220074039 ], [ -7.469143624978244, 37.479063035230922 ], [ -7.469605919677406, 37.471717829614192 ], [ -7.46618986017387, 37.462341310003524 ], [ -7.456270575426686, 37.450661662605683 ], [ -7.459236150128163, 37.435298920009188 ], [ -7.454292394278525, 37.425534056051902 ], [ -7.446959020142629, 37.421440119965609 ], [ -7.449063779969435, 37.415145870185825 ], [ -7.46176552755702, 37.412655827304661 ], [ -7.459735870114287, 37.405992510146291 ], [ -7.450695275166765, 37.402034760196102 ], [ -7.440405369911844, 37.390672679600527 ], [ -7.436625960019967, 37.368144989699545 ], [ -7.438696860371749, 37.353950499715836 ], [ -7.444745380294989, 37.346906664111316 ], [ -7.444896698423861, 37.342462537416225 ], [ -7.440042020422879, 37.33160019029657 ], [ -7.439367769906596, 37.323196409786533 ], [ -7.442192080000439, 37.311309810399507 ], [ -7.436915399625946, 37.300283435032554 ], [ -7.434627060290552, 37.290729519651677 ], [ -7.422125105189423, 37.274969100443684 ], [ -7.422975059851069, 37.270027160325242 ], [ -7.431934115067293, 37.259452820191541 ], [ -7.432135273623942, 37.246492898828251 ], [ -7.427906002160228, 37.243506127106116 ], [ -7.420564169900501, 37.239223479979671 ], [ -7.412584780363261, 37.221500400123432 ], [ -7.413757931583234, 37.212515171937696 ], [ -7.412094905255628, 37.206865840386286 ], [ -7.407235149682379, 37.183271410647137 ], [ -7.403974439968408, 37.177590452637332 ], [ -7.413246663402731, 37.183900621316695 ], [ -7.419127950794234, 37.179928360805263 ], [ -7.422789509927895, 37.182766045616575 ] ] ], [ [ [ -7.226984022994202, 37.988510766658635 ], [ -7.230682080213796, 37.991423311037011 ], [ -7.220047653676204, 37.992015340135879 ], [ -7.226984022994202, 37.988510766658635 ] ] ], [ [ [ -7.173181105823346, 37.993275640158743 ], [ -7.178547700416004, 37.998149870320333 ], [ -7.185343759306988, 37.999796923789063 ], [ -7.149877535719668, 38.000633625141745 ], [ -7.156239029607491, 37.994014739888371 ], [ -7.164518235128412, 37.995304584439054 ], [ -7.173181105823346, 37.993275640158743 ] ] ], [ [ [ -7.13459760269717, 38.000296466608688 ], [ -7.145101882945482, 38.002565215112668 ], [ -7.137500000024943, 38.004166666658364 ], [ -7.13459760269717, 38.000296466608688 ] ] ], [ [ [ -7.035046387081024, 38.025353326195102 ], [ -7.024633744151913, 38.024710923370492 ], [ -7.046521059199449, 38.014445678425375 ], [ -7.044982570988793, 38.019982401366804 ], [ -7.035046387081024, 38.025353326195102 ] ] ] ] } },
{ "type": "Feature", "properties": { "pfaf_id": 231402, "province": "Beja", "area_km2": 912.5, "bws_score": 2.186, "pvout": 1588.0, "solar_norm": 0.908, "water_stress_norm": 0.437, "viability": 0.511, "lon": -7.2264, "lat": 38.1003, "runoff_mm": 271.0, "avail_m3_yr": 243358927.0, "avail_Mm3_yr": 243.4, "bws_monthly": [ 0.323, 0.239, 0.0, 0.0, 1.096, 2.623, 3.013, 2.83, 2.254, 1.058, 0.779, 0.397 ], "coastal": false }, "geometry": { "type": "Polygon", "coordinates": [ [ [ -7.231866391121002, 37.991262805434189 ], [ -7.233878295946568, 37.991073467566537 ], [ -7.24588101040024, 37.991506187160837 ], [ -7.253823877569857, 37.985051189860599 ], [ -7.255935150286916, 37.982970031841546 ], [ -7.257872078633454, 37.981603510193906 ], [ -7.259442812036127, 37.980449450681647 ], [ -7.260345789826317, 37.97961016557673 ], [ -7.262369459582828, 37.979410454928598 ], [ -7.276742214981198, 37.967019992378823 ], [ -7.285050625086228, 37.966313341087869 ], [ -7.312145826868345, 37.993383110941863 ], [ -7.312499999675197, 38.004166666658364 ], [ -7.327424452276603, 38.003813341012915 ], [ -7.330908880940058, 38.000353325345714 ], [ -7.339924452251637, 38.000353325345714 ], [ -7.351712883442758, 38.012145148779666 ], [ -7.358333334415818, 38.012499999675299 ], [ -7.358900621366558, 38.023043823113994 ], [ -7.366099378683316, 38.031122843144772 ], [ -7.37122921415687, 38.040698921418141 ], [ -7.37831573518298, 38.042517428836334 ], [ -7.380017598733161, 38.049149237347478 ], [ -7.385543822989007, 38.050567286551086 ], [ -7.397789509977883, 38.05776604566654 ], [ -7.403315735133049, 38.059184095769467 ], [ -7.408729214081916, 38.069865587426989 ], [ -7.414710489897118, 38.071400621341638 ], [ -7.424297079446603, 38.080095757013623 ], [ -7.425567288199716, 38.089710489947208 ], [ -7.430181036925262, 38.095242987873633 ], [ -7.460543822839099, 38.096400621291707 ], [ -7.470130410589945, 38.105095756963692 ], [ -7.471541849776486, 38.115779283786992 ], [ -7.482677374960815, 38.121793281434861 ], [ -7.483900621116732, 38.13554382288919 ], [ -7.48693271237471, 38.139456176861131 ], [ -7.488067288074831, 38.152210489822323 ], [ -7.491197882975882, 38.156249999837655 ], [ -7.483333333266671, 38.170833333291739 ], [ -7.482980007621222, 38.173257785018791 ], [ -7.471186658937086, 38.185075547598501 ], [ -7.470833333291637, 38.191666666283652 ], [ -7.46492445200181, 38.195480007596302 ], [ -7.451742214631452, 38.196186658887257 ], [ -7.448257785068677, 38.199646674554458 ], [ -7.422575547723284, 38.200353325845356 ], [ -7.419091119059829, 38.203813340613237 ], [ -7.401742214731371, 38.204519992803455 ], [ -7.398257785168596, 38.207980007571337 ], [ -7.372575547823203, 38.208686658862291 ], [ -7.36075778524355, 38.220480008445691 ], [ -7.343408880915092, 38.221186658837269 ], [ -7.339212882568404, 38.225353325795425 ], [ -7.330879549551526, 38.220480008445691 ], [ -7.322575547923179, 38.221186658837269 ], [ -7.318379549576491, 38.225353325795425 ], [ -7.310046216559613, 38.220480008445691 ], [ -7.302083333179212, 38.224985419441623 ], [ -7.297546216584578, 38.220480008445691 ], [ -7.289242214956232, 38.221186658837269 ], [ -7.285046218408183, 38.225353325795425 ], [ -7.264242215006163, 38.22464667540379 ], [ -7.25242445242651, 38.217019992778489 ], [ -7.193217491993607, 38.216684429642783 ], [ -7.185289510402527, 38.217233954983101 ], [ -7.178420002980715, 38.22140062104188 ], [ -7.17291666557162, 38.217135281368201 ], [ -7.163161213918841, 38.22173292413521 ], [ -7.162499999974955, 38.229166667108075 ], [ -7.147575548272869, 38.228813340563249 ], [ -7.143379719898121, 38.22464667540379 ], [ -7.134034988623796, 38.226746410718306 ], [ -7.123791220388455, 38.217006680114253 ], [ -7.121743199688865, 38.212510426914719 ], [ -7.113066610735473, 38.206335566633129 ], [ -7.107512926580227, 38.188448763399776 ], [ -7.103172208430635, 38.187089536153223 ], [ -7.097512959155722, 38.179105760622406 ], [ -7.089508692572053, 38.178667703551753 ], [ -7.08428383023454, 38.169336316417912 ], [ -7.0787336048719, 38.174325623828508 ], [ -7.066377537793073, 38.179028102365066 ], [ -7.06298255659965, 38.185882567726367 ], [ -7.058160544673342, 38.186603545217508 ], [ -7.052221058554949, 38.179489135315407 ], [ -7.044305643190853, 38.186607360141636 ], [ -7.037453532254688, 38.186424254575741 ], [ -7.029171108959474, 38.182547568615462 ], [ -7.022384404816364, 38.185594560740412 ], [ -7.017187022163284, 38.191857146290317 ], [ -7.011723520224223, 38.202953341423608 ], [ -6.994992255887837, 38.203995297744825 ], [ -6.981974365124813, 38.211174010072568 ], [ -6.972288322248232, 38.202288819773287 ], [ -6.956128530307353, 38.216945649422257 ], [ -6.947562576851396, 38.216096878268388 ], [ -6.935783864633606, 38.219671250827616 ], [ -6.938314600038723, 38.212104800296345 ], [ -6.931713318115101, 38.208174812417724 ], [ -6.934570789810039, 38.200789133711623 ], [ -6.940924404737416, 38.194736481403538 ], [ -6.953566549756431, 38.186314899712897 ], [ -6.961576939823885, 38.176548005086431 ], [ -6.96926140928656, 38.160663605341142 ], [ -6.958911703612159, 38.149989318152564 ], [ -6.961257738953464, 38.141136489057772 ], [ -6.959159762712829, 38.134025225883533 ], [ -6.964059828598181, 38.132889747264073 ], [ -6.975459753564735, 38.104538677318146 ], [ -6.986612478283178, 38.103651682279349 ], [ -6.989311852759727, 38.0969289172358 ], [ -6.989487650434683, 38.085138319577823 ], [ -6.987550499955546, 38.074438095042126 ], [ -6.990048289596814, 38.069709780781807 ], [ -6.99009203981575, 38.055176414559924 ], [ -6.999412732211795, 38.049640179950416 ], [ -7.002411962242206, 38.042463302239639 ], [ -6.999139022647739, 38.036298178917889 ], [ -7.002357073919768, 38.024969711383108 ], [ -7.004546409589068, 38.022741554679044 ], [ -7.014079762870722, 38.020905945752872 ], [ -7.019092264696212, 38.02177792840871 ], [ -7.024633744151913, 38.024710923370492 ], [ -7.035046387081024, 38.025353326195102 ], [ -7.044982570988793, 38.019982401366804 ], [ -7.046521059199449, 38.014445678425375 ], [ -7.048155255960239, 38.017337798300787 ], [ -7.063335654716639, 38.01956367522348 ], [ -7.062253147964384, 38.026295422695625 ], [ -7.071332429947631, 38.033540452829698 ], [ -7.07523560543882, 38.032599449005431 ], [ -7.090033213162201, 38.038234711562723 ], [ -7.09947466742193, 38.043585970016579 ], [ -7.113977253447445, 38.037229062671145 ], [ -7.115601004582629, 38.032713888635101 ], [ -7.128157132145873, 38.029071172096963 ], [ -7.125304675070652, 38.024764813445415 ], [ -7.130192276352432, 38.020164489799413 ], [ -7.128890353906684, 38.011370213764394 ], [ -7.121145342083821, 38.004567615003509 ], [ -7.122924229869284, 38.003918117427247 ], [ -7.13268925660384, 38.000137237143804 ], [ -7.13459760269717, 38.000296466608688 ], [ -7.137500000024943, 38.004166666658364 ], [ -7.145101882945482, 38.002565215112668 ], [ -7.149877535719668, 38.000633625141745 ], [ -7.185343759306988, 37.999796923789063 ], [ -7.193244675801111, 38.000473367751795 ], [ -7.19576041501108, 38.001659786669848 ], [ -7.203750608104031, 38.001965940176035 ], [ -7.208865967190604, 37.996162418960523 ], [ -7.210218955840105, 37.996075737805086 ], [ -7.212666003932895, 37.995880385271619 ], [ -7.214954309993345, 37.995729512307207 ], [ -7.218594868158618, 37.992555989167613 ], [ -7.220047653676204, 37.992015340135879 ], [ -7.230682080213796, 37.991423311037011 ], [ -7.231866391121002, 37.991262805434189 ] ] ] } },
{ "type": "Feature", "properties": { "pfaf_id": 231403, "province": "Évora", "area_km2": 4602.1, "bws_score": 2.286, "pvout": 1599.0, "solar_norm": 0.945, "water_stress_norm": 0.457, "viability": 0.513, "lon": -7.3717, "lat": 38.7581, "runoff_mm": 343.0, "avail_m3_yr": 1553442883.0, "avail_Mm3_yr": 1553.4, "bws_monthly": [ 0.0, 0.0, 0.0, 0.0, 0.603, 2.451, 2.914, 2.849, 2.28, 0.919, 0.0, 0.0 ], "coastal": false }, "geometry": { "type": "Polygon", "coordinates": [ [ [ -7.25242445242651, 38.217019992778489 ], [ -7.264242215006163, 38.22464667540379 ], [ -7.285046218408183, 38.225353325795425 ], [ -7.289242214956232, 38.221186658837269 ], [ -7.297546216584578, 38.220480008445691 ], [ -7.302083333179212, 38.224985419441623 ], [ -7.310046216559613, 38.220480008445691 ], [ -7.318379549576491, 38.225353325795425 ], [ -7.322575547923179, 38.221186658837269 ], [ -7.330879549551526, 38.220480008445691 ], [ -7.339212882568404, 38.225353325795425 ], [ -7.343408880915092, 38.221186658837269 ], [ -7.36075778524355, 38.220480008445691 ], [ -7.372575547823203, 38.208686658862291 ], [ -7.398257785168596, 38.207980007571337 ], [ -7.401742214731371, 38.204519992803455 ], [ -7.419091119059829, 38.203813340613237 ], [ -7.422575547723284, 38.200353325845356 ], [ -7.448257785068677, 38.199646674554458 ], [ -7.451742214631452, 38.196186658887257 ], [ -7.46492445200181, 38.195480007596302 ], [ -7.470833333291637, 38.191666666283652 ], [ -7.471186658937086, 38.185075547598501 ], [ -7.482980007621222, 38.173257785018791 ], [ -7.483333333266671, 38.170833333291739 ], [ -7.494933743197635, 38.171494547235625 ], [ -7.496684264567136, 38.178315904055808 ], [ -7.503315734933153, 38.180017428561541 ], [ -7.508315210978139, 38.189797785139717 ], [ -7.517596683939757, 38.190834492118142 ], [ -7.523396826402347, 38.191789582023659 ], [ -7.526956176686156, 38.195266045391747 ], [ -7.536612616578964, 38.196541680654093 ], [ -7.538067287974911, 38.202210489722347 ], [ -7.555147637653306, 38.220179240079915 ], [ -7.568877156555459, 38.22140062104188 ], [ -7.587500000024932, 38.233333333166854 ], [ -7.598257785668238, 38.232980008420725 ], [ -7.601742214331694, 38.229519992753524 ], [ -7.612499999975, 38.229166667108075 ], [ -7.613387384420207, 38.232624986653889 ], [ -7.623043823413695, 38.233900621016915 ], [ -7.631122843444416, 38.241099379232992 ], [ -7.649094306157281, 38.242304484264594 ], [ -7.650850932124797, 38.249149237847121 ], [ -7.657482401591494, 38.250850762352854 ], [ -7.663419427164797, 38.261795722094973 ], [ -7.673043823313776, 38.263067287925026 ], [ -7.676956176386398, 38.266099379183061 ], [ -7.696579996769401, 38.267233954883181 ], [ -7.701956176336409, 38.263067287925026 ], [ -7.709079996744435, 38.261932712224962 ], [ -7.72083333369136, 38.266666667033121 ], [ -7.71701999237871, 38.276742214381727 ], [ -7.71701999237871, 38.314924451702154 ], [ -7.722543165234868, 38.320475260724777 ], [ -7.735757785393446, 38.321186660436069 ], [ -7.739242214956221, 38.324646674304631 ], [ -7.752424452326579, 38.325353325595529 ], [ -7.760075547948134, 38.33298000732151 ], [ -7.764924452301614, 38.333686660411104 ], [ -7.772575547923168, 38.341313341237765 ], [ -7.785757785293526, 38.346186658587499 ], [ -7.789242214856301, 38.349646674254643 ], [ -7.798257785268504, 38.350353326444917 ], [ -7.805908880890115, 38.357980007271578 ], [ -7.814924452201637, 38.358686658562476 ], [ -7.818408880865093, 38.362146674229678 ], [ -7.831591119134771, 38.362853326419952 ], [ -7.839242214756382, 38.370480007246613 ], [ -7.84757554777326, 38.374646674204712 ], [ -7.858333333416567, 38.374999999850161 ], [ -7.858686659062016, 38.389924451552247 ], [ -7.8742853801661, 38.405012342445673 ], [ -7.875605095698575, 38.418839517829554 ], [ -7.882799953554979, 38.431257460063762 ], [ -7.875605095698575, 38.439493814687864 ], [ -7.874394904101507, 38.450540500343891 ], [ -7.879771762656674, 38.463040500318868 ], [ -7.874394904101507, 38.471373833335804 ], [ -7.878627861886287, 38.477083333129372 ], [ -7.871438428740476, 38.493660482445364 ], [ -7.870228238042728, 38.51533779590261 ], [ -7.881160651342952, 38.520228407215257 ], [ -7.890854390617562, 38.521606445581028 ], [ -7.892271762631708, 38.529954020261869 ], [ -7.883938428715453, 38.539493815387345 ], [ -7.878983221798194, 38.548890855728473 ], [ -7.867336019241861, 38.55504286063956 ], [ -7.866666666433446, 38.566666666433548 ], [ -7.870172119447716, 38.567566257376939 ], [ -7.871494547335431, 38.582433743322667 ], [ -7.877210489872141, 38.583900621216742 ], [ -7.886580233990571, 38.592249552075202 ], [ -7.888399590368749, 38.59933878455729 ], [ -7.90221048982221, 38.600567288149875 ], [ -7.9132466633028, 38.604733954208655 ], [ -7.924149068025031, 38.599149238046948 ], [ -7.925567288099842, 38.593622843819219 ], [ -7.93333333326666, 38.583333333366681 ], [ -7.940767076239524, 38.583994547310567 ], [ -7.945266045391634, 38.593622843819219 ], [ -7.946541849726543, 38.603279283712027 ], [ -7.960339863693719, 38.607715860598546 ], [ -7.970098198572941, 38.609135945867251 ], [ -7.971186658837212, 38.61909111896 ], [ -7.974646675403676, 38.622575547623455 ], [ -7.975000000149862, 38.633333333266762 ], [ -7.968622843669266, 38.633900621116823 ], [ -7.956377156680389, 38.641099378433637 ], [ -7.947789509778033, 38.642233954133701 ], [ -7.931377156730377, 38.65776604536677 ], [ -7.926956176786064, 38.658900621066834 ], [ -7.914710489797244, 38.670266045341748 ], [ -7.900850931625143, 38.675850762402831 ], [ -7.899112616753825, 38.682624986653877 ], [ -7.889456176861017, 38.683900621016903 ], [ -7.881377156830297, 38.691099379233037 ], [ -7.86028950995285, 38.692233954933101 ], [ -7.855134413422377, 38.696229383779098 ], [ -7.853599378608408, 38.702210489622473 ], [ -7.838067288274715, 38.718622843569449 ], [ -7.837500000424654, 38.733333333066923 ], [ -7.831591119134771, 38.737146674379574 ], [ -7.823257785218573, 38.733686658712372 ], [ -7.805908880890115, 38.732980007421475 ], [ -7.80242445222666, 38.729519992653593 ], [ -7.784304979091473, 38.73410169943395 ], [ -7.781965467432315, 38.742284138802006 ], [ -7.77283986406843, 38.741049194264974 ], [ -7.763470119950057, 38.732918294143985 ], [ -7.761882357884474, 38.743826973436114 ], [ -7.754784308449018, 38.752006361404483 ], [ -7.735493469248183, 38.757715861198108 ], [ -7.727006531126449, 38.75895080573514 ], [ -7.71882680231505, 38.766049194214986 ], [ -7.705017598083657, 38.761649237722168 ], [ -7.696579996769401, 38.753599379108095 ], [ -7.689456176361375, 38.754733954808216 ], [ -7.684079996794367, 38.758900620866996 ], [ -7.677210490271875, 38.754733954808216 ], [ -7.668622843369462, 38.753599379108095 ], [ -7.660543823338742, 38.746400620892018 ], [ -7.651956176436329, 38.745266045191897 ], [ -7.642517598208542, 38.740815904730255 ], [ -7.641666666883111, 38.737500000025022 ], [ -7.631122843444416, 38.736932712174962 ], [ -7.627210490371795, 38.733900620916984 ], [ -7.605075921116793, 38.732709758448664 ], [ -7.597575548272914, 38.725353325695494 ], [ -7.585757785693204, 38.737146674379574 ], [ -7.564953783190504, 38.737853325670471 ], [ -7.560757785743192, 38.733686658712372 ], [ -7.544118924049087, 38.732980007421475 ], [ -7.537858919553457, 38.739208645362737 ], [ -7.546186658787235, 38.760046386831334 ], [ -7.539242213557259, 38.771186660436058 ], [ -7.527424451876925, 38.782980007321555 ], [ -7.521684265416468, 38.784184095219871 ], [ -7.520480008445588, 38.79825778556841 ], [ -7.517019992778387, 38.801742214231865 ], [ -7.515815734908188, 38.815815904580404 ], [ -7.505908880590312, 38.816313341187822 ], [ -7.497575547573433, 38.812146674229666 ], [ -7.481591118934944, 38.796186658587487 ], [ -7.474646674604287, 38.797575548173086 ], [ -7.475353325895242, 38.805882433027932 ], [ -7.467019991978987, 38.814242214206899 ], [ -7.458900621166663, 38.831122843344588 ], [ -7.45762481683181, 38.840779283237396 ], [ -7.443622843819128, 38.846400621591442 ], [ -7.438467746389335, 38.850396050437439 ], [ -7.436649068099939, 38.85748257056423 ], [ -7.431122843844093, 38.858900621566477 ], [ -7.422571540344279, 38.866720021711672 ], [ -7.419933743347542, 38.874338785806344 ], [ -7.406122843894082, 38.87556728760029 ], [ -7.400746663427753, 38.87973395455839 ], [ -7.392413330410818, 38.87443271190017 ], [ -7.364456177010936, 38.87556728760029 ], [ -7.359079997443871, 38.87973395455839 ], [ -7.35221049002206, 38.87556728760029 ], [ -7.343408880915092, 38.875353325395679 ], [ -7.335757785293538, 38.882980008020979 ], [ -7.318408880965023, 38.883686659311934 ], [ -7.314924452301568, 38.887146674079816 ], [ -7.30174221493121, 38.887853325370713 ], [ -7.297546216584578, 38.892019992328812 ], [ -7.272575548023099, 38.879519992353835 ], [ -7.266666666733215, 38.883333333666485 ], [ -7.266313341087766, 38.889924452351636 ], [ -7.258686659361786, 38.901742214931346 ], [ -7.258333333716337, 38.912499999675276 ], [ -7.27443271190009, 38.931122843144749 ], [ -7.27499999975015, 38.933333333566566 ], [ -7.297789510177722, 38.932766045716505 ], [ -7.314710490097013, 38.933900621416569 ], [ -7.327210490071991, 38.938067286576086 ], [ -7.332700602051091, 38.942645602912307 ], [ -7.33390062141649, 38.960543823039075 ], [ -7.338405694267351, 38.970195516310071 ], [ -7.356377156980159, 38.971400621341672 ], [ -7.378276061590896, 38.992362805599043 ], [ -7.374432712599571, 39.006377156880319 ], [ -7.371400621341536, 39.010289509952997 ], [ -7.370266045641472, 39.027210489872289 ], [ -7.367233954383437, 39.03112284384423 ], [ -7.366099378683316, 39.048043822864202 ], [ -7.363067288324658, 39.051956176836143 ], [ -7.361844041269421, 39.065706719189791 ], [ -7.356377156980159, 39.070266045441713 ], [ -7.34224955227495, 39.075919596612152 ], [ -7.33390062141649, 39.08528950980309 ], [ -7.332672118723281, 39.09910040925655 ], [ -7.329519992253779, 39.102424451926993 ], [ -7.339924452251637, 39.108686658862268 ], [ -7.35174221483129, 39.120480008445668 ], [ -7.356591118285451, 39.121186658837303 ], [ -7.372575547823203, 39.137146673580162 ], [ -7.377424452176683, 39.137853325770436 ], [ -7.395266045591484, 39.156377156580561 ], [ -7.392233954333506, 39.160289510552502 ], [ -7.391099378633385, 39.177210489572474 ], [ -7.38390062131657, 39.185289511401891 ], [ -7.382766045616449, 39.194618394823124 ], [ -7.390815735158014, 39.196684265266697 ], [ -7.395266045591484, 39.206122842595164 ], [ -7.396400621291605, 39.223043823413775 ], [ -7.399432713448903, 39.226956175587077 ], [ -7.400567288249704, 39.236285061706269 ], [ -7.388467745589935, 39.242062548447905 ], [ -7.386932712574605, 39.248043823363787 ], [ -7.379628498956038, 39.256241184283283 ], [ -7.38390062131657, 39.26471049029692 ], [ -7.391099378633385, 39.272789510327698 ], [ -7.395266045591484, 39.285289510302732 ], [ -7.404166665559103, 39.304166666758306 ], [ -7.400000000399643, 39.312499999775241 ], [ -7.345833334440783, 39.312499999775241 ], [ -7.345480007896015, 39.314924452401613 ], [ -7.333686659211878, 39.326742214981266 ], [ -7.332803853215182, 39.335581631587104 ], [ -7.328394064434463, 39.344946967228793 ], [ -7.30984993772438, 39.34189042160574 ], [ -7.308522913401703, 39.33892690815037 ], [ -7.30073970467356, 39.331432715447534 ], [ -7.297690105414006, 39.329601378300993 ], [ -7.285785251588038, 39.317022365689695 ], [ -7.277366533338807, 39.316209115957975 ], [ -7.269228339716051, 39.309374809799692 ], [ -7.267012119713513, 39.301013950333584 ], [ -7.25399136460976, 39.29292106995149 ], [ -7.232374189717007, 39.277194975168015 ], [ -7.24777054987095, 39.252061845877563 ], [ -7.242392301863219, 39.242522239609741 ], [ -7.241780756576588, 39.235478403105844 ], [ -7.245105024976851, 39.225860599886801 ], [ -7.240068674929375, 39.217364309715151 ], [ -7.240672349349381, 39.207879064767098 ], [ -7.228338163675289, 39.200888951963634 ], [ -7.220350742292851, 39.192521776558806 ], [ -7.200134397284558, 39.185948370920642 ], [ -7.194095229411289, 39.18721103616042 ], [ -7.180922029328144, 39.181363678391108 ], [ -7.16653737859707, 39.18111496008737 ], [ -7.148039343041205, 39.172145846853425 ], [ -7.13477724857114, 39.171076298432467 ], [ -7.132349329957549, 39.164532976915382 ], [ -7.140138505687446, 39.150335311425522 ], [ -7.136490583873297, 39.14618587637716 ], [ -7.14179921176418, 39.139282227093133 ], [ -7.145614095414146, 39.124991099559622 ], [ -7.149331807317026, 39.121446609673342 ], [ -7.143671754947491, 39.108595850717961 ], [ -7.105129760030366, 39.099634808000019 ], [ -7.100548743030004, 39.10471980057838 ], [ -7.081577620011103, 39.108575183398045 ], [ -7.053183241413421, 39.117768603738114 ], [ -7.039247751682353, 39.118247984656819 ], [ -7.027211904405817, 39.115041735187958 ], [ -7.00853395497802, 39.103948590555035 ], [ -6.997503520071348, 39.099983215253246 ], [ -6.981237250198888, 39.088068643353267 ], [ -6.970746039797859, 39.073080700414039 ], [ -6.969338775264248, 39.067759515289424 ], [ -6.959428790406321, 39.054466250317262 ], [ -6.967554092247497, 39.039596555636592 ], [ -6.951443513007689, 39.023854573429844 ], [ -6.964625358273622, 39.010710143558356 ], [ -6.971153576576228, 38.998767217832892 ], [ -6.986860510404199, 38.976099015157502 ], [ -7.013267040141727, 38.949043275626707 ], [ -7.021742820374811, 38.937984469807475 ], [ -7.02626991042797, 38.924510960012867 ], [ -7.030269625442827, 38.920206070853567 ], [ -7.051740116413214, 38.906435648086756 ], [ -7.041679860237309, 38.897872919599592 ], [ -7.039350029779996, 38.892440800402653 ], [ -7.040095885216886, 38.883522034814121 ], [ -7.033110379640277, 38.878844261553468 ], [ -7.039676429723386, 38.869731905203309 ], [ -7.053192002608796, 38.858402797351289 ], [ -7.061639786047238, 38.857695896048824 ], [ -7.069069859786168, 38.853557590110768 ], [ -7.085370063777361, 38.830736796765791 ], [ -7.088063000007423, 38.822957990219152 ], [ -7.096696933216833, 38.815854392866015 ], [ -7.105283500033465, 38.817012790707793 ], [ -7.125417229721336, 38.815326689575102 ], [ -7.147799019908803, 38.800251009676401 ], [ -7.156335829934562, 38.791467664900892 ], [ -7.162042880874196, 38.781189388779296 ], [ -7.169707004074951, 38.776817615240816 ], [ -7.190086451928153, 38.76959143759484 ], [ -7.196068895063434, 38.765489672010801 ], [ -7.197611127151731, 38.758487428252238 ], [ -7.203935960176352, 38.751497605030522 ], [ -7.214240910189801, 38.7438535699863 ], [ -7.228930183780903, 38.736685181875714 ], [ -7.238197566164672, 38.736804011995616 ], [ -7.252025031130245, 38.730209351780218 ], [ -7.259310484890932, 38.724359514579987 ], [ -7.258012770373, 38.714560507861222 ], [ -7.267037798055867, 38.69935335607255 ], [ -7.268723399165481, 38.688234090630829 ], [ -7.26652533557575, 38.682634627386221 ], [ -7.270146050200026, 38.666536966907529 ], [ -7.27005809740325, 38.647915363603204 ], [ -7.272519114665386, 38.638645175334602 ], [ -7.265258670151468, 38.627225875373881 ], [ -7.247683525174523, 38.627655024659703 ], [ -7.243640739828209, 38.624046326776636 ], [ -7.260029953319645, 38.610905963639368 ], [ -7.259684562392579, 38.603269580027131 ], [ -7.263840036388501, 38.58813985357142 ], [ -7.269640919892481, 38.584629060382895 ], [ -7.276038410044521, 38.575307844581403 ], [ -7.283903600071028, 38.575897217082968 ], [ -7.286227944663892, 38.563110349563033 ], [ -7.292828079951903, 38.553516390069376 ], [ -7.30348992501996, 38.541332244587466 ], [ -7.300969839386539, 38.526250841403282 ], [ -7.304458139631379, 38.518997190368111 ], [ -7.313350199851811, 38.515178679752296 ], [ -7.315582196661012, 38.495960871796854 ], [ -7.320693373000722, 38.4856052395902 ], [ -7.321585180311786, 38.478271479645116 ], [ -7.312823653089083, 38.474228857975447 ], [ -7.308211086972051, 38.480550291562736 ], [ -7.297891139864191, 38.481861110102216 ], [ -7.296028672685054, 38.47641610991559 ], [ -7.301675559879129, 38.465566635691744 ], [ -7.314297676996148, 38.458194732800735 ], [ -7.314797639799167, 38.449550630057558 ], [ -7.328920364782959, 38.445140840377519 ], [ -7.329255401815317, 38.436755868288742 ], [ -7.322029668434425, 38.4398988081835 ], [ -7.314828941602343, 38.438910348933518 ], [ -7.303227804119842, 38.431649017688073 ], [ -7.299756348176857, 38.426036834432409 ], [ -7.28489796157163, 38.423528037988604 ], [ -7.279626965811758, 38.418924806834411 ], [ -7.279980179941276, 38.41334151969545 ], [ -7.272465464709398, 38.39640617490511 ], [ -7.248454569722583, 38.36984634493291 ], [ -7.232058524980914, 38.356464385223262 ], [ -7.220109702400805, 38.343050003155156 ], [ -7.214240074719612, 38.340614319795066 ], [ -7.202268119777841, 38.329032899948402 ], [ -7.191267965044517, 38.308130265199622 ], [ -7.174876094955778, 38.287940024812372 ], [ -7.161961938292791, 38.279528046082532 ], [ -7.155664871836336, 38.278801346205228 ], [ -7.151789616697386, 38.267717917847676 ], [ -7.14343467387107, 38.261111737316867 ], [ -7.144590198378921, 38.250594138109022 ], [ -7.142387033834495, 38.240119932089272 ], [ -7.134034988623796, 38.226746410718306 ], [ -7.143379719898121, 38.22464667540379 ], [ -7.147575548272869, 38.228813340563249 ], [ -7.162499999974955, 38.229166667108075 ], [ -7.163161213918841, 38.22173292413521 ], [ -7.17291666557162, 38.217135281368201 ], [ -7.178420002980715, 38.22140062104188 ], [ -7.185289510402527, 38.217233954983101 ], [ -7.193217491993607, 38.216684429642783 ], [ -7.25242445242651, 38.217019992778489 ] ] ] } },
{ "type": "Feature", "properties": { "pfaf_id": 231500, "province": "Setúbal", "area_km2": 22605.9, "bws_score": 4.715, "pvout": 1603.0, "solar_norm": 0.958, "water_stress_norm": 0.943, "viability": 0.055, "lon": -8.3156, "lat": 38.2186, "runoff_mm": 284.0, "avail_m3_yr": 6318082037.0, "avail_Mm3_yr": 6318.1, "bws_monthly": [ 2.064, 1.8, 1.558, 1.85, 3.265, 5.0, 5.0, 5.0, 4.829, 3.773, 2.863, 2.394 ], "coastal": true }, "geometry": { "type": "MultiPolygon", "coordinates": [ [ [ [ -8.925352043262137, 37.008360863862833 ], [ -8.931612942583172, 37.001828544651687 ], [ -8.939910752379262, 37.005307696992702 ], [ -8.947048389971201, 36.99986203400573 ], [ -8.946638192998137, 36.994626127094136 ], [ -8.951146953069383, 36.99806674798208 ], [ -8.947859764616396, 37.003724757991222 ], [ -8.952719252191685, 37.009868620440557 ], [ -8.959270868156011, 37.018555949997165 ], [ -8.966831397550891, 37.026457199240383 ], [ -8.972454672145375, 37.024828786019725 ], [ -8.98356055477575, 37.026445702307342 ], [ -8.984424313131512, 37.020689376613518 ], [ -8.987594646375783, 37.021679584145545 ], [ -8.990334413002699, 37.022799212213897 ], [ -8.991221772266954, 37.028317867775456 ], [ -8.979883209842228, 37.043276310253589 ], [ -8.978890206317942, 37.056629043795397 ], [ -8.968895382116159, 37.064624574364643 ], [ -8.963019105747094, 37.072072894448581 ], [ -8.962301676980758, 37.073274817678737 ], [ -8.958122486963134, 37.09345106461501 ], [ -8.957042397588509, 37.094710775581859 ], [ -8.953492509071964, 37.097527227399667 ], [ -8.946128502228532, 37.100799424154161 ], [ -8.945331029303532, 37.102592603965547 ], [ -8.938636360879286, 37.108052882734398 ], [ -8.934478863408799, 37.115695817907749 ], [ -8.925788111931752, 37.128554597916434 ], [ -8.925656041093362, 37.130244030137931 ], [ -8.924843025185396, 37.133367259591409 ], [ -8.920397127725209, 37.136405573258628 ], [ -8.917939714046497, 37.141673976273012 ], [ -8.910280252931273, 37.153548808031132 ], [ -8.909424709882387, 37.155076650067372 ], [ -8.907040864344367, 37.160188128579307 ], [ -8.905618402167477, 37.16261162882364 ], [ -8.903703562069666, 37.165310086891054 ], [ -8.903011604801691, 37.167080734188573 ], [ -8.906055334186249, 37.171784144422759 ], [ -8.907988833417903, 37.172897887327679 ], [ -8.909669167198274, 37.174892792268622 ], [ -8.910779529551576, 37.176358884155206 ], [ -8.912941863076469, 37.183304746716715 ], [ -8.909700996004119, 37.189250080227055 ], [ -8.917693357362509, 37.195259401400278 ], [ -8.91333689927842, 37.198168595804077 ], [ -8.901358010563683, 37.200513514187378 ], [ -8.900252766252095, 37.201682146314056 ], [ -8.885767370767496, 37.220028638910605 ], [ -8.878976041411136, 37.233351257754407 ], [ -8.869891500192523, 37.246266206720122 ], [ -8.862824686010413, 37.263184281829183 ], [ -8.861392224271697, 37.266327414178875 ], [ -8.860320083105307, 37.26846933758992 ], [ -8.867137452331519, 37.283689936941073 ], [ -8.86471008680104, 37.291510783196145 ], [ -8.873693573899288, 37.299983333963723 ], [ -8.87608170110957, 37.306593672060387 ], [ -8.872628293660796, 37.309944106235548 ], [ -8.878292392080198, 37.318054668188438 ], [ -8.878860195241771, 37.320710529867085 ], [ -8.872041440160274, 37.321913720242037 ], [ -8.863956356000983, 37.329747391728802 ], [ -8.849615615568155, 37.349853981675949 ], [ -8.841390465597442, 37.359080251552427 ], [ -8.830128928307374, 37.376690927844095 ], [ -8.829256033738943, 37.378825466022477 ], [ -8.827032568797961, 37.382522086125448 ], [ -8.824884740438392, 37.385113606707648 ], [ -8.816366128194204, 37.398706165157421 ], [ -8.815703028372013, 37.403220248315847 ], [ -8.808405584849822, 37.414828081251017 ], [ -8.809039695925208, 37.417913639003302 ], [ -8.808140453019462, 37.419799934619334 ], [ -8.804612062796423, 37.436645024348422 ], [ -8.796694426106853, 37.442548989044667 ], [ -8.801729401990258, 37.446502209109724 ], [ -8.798260098124956, 37.457103547790553 ], [ -8.800040459899265, 37.460980669022717 ], [ -8.797135293558881, 37.463701009394129 ], [ -8.798992514093186, 37.478962660998036 ], [ -8.795506079042241, 37.481273650658522 ], [ -8.798744729285772, 37.491150788677999 ], [ -8.79705373224391, 37.491035111581198 ], [ -8.796513488806397, 37.498276846599254 ], [ -8.79229299292723, 37.501214343567142 ], [ -8.794094728888581, 37.509825705591879 ], [ -8.787837444842182, 37.518484628263025 ], [ -8.788005755661061, 37.519783047849444 ], [ -8.787691779851684, 37.52192763685099 ], [ -8.787245227784979, 37.524027488178092 ], [ -8.787078568121387, 37.529365210036474 ], [ -8.787143697923284, 37.536300520852421 ], [ -8.790733213267117, 37.543575201634326 ], [ -8.795109055338571, 37.554472489214049 ], [ -8.794194000552636, 37.55994620655224 ], [ -8.800316332332841, 37.566994137669383 ], [ -8.819237200336488, 37.598767154080974 ], [ -8.812614122443733, 37.609440291036663 ], [ -8.812433296659265, 37.618403586556326 ], [ -8.810104643414491, 37.621160234357376 ], [ -8.809120798585923, 37.63275188938826 ], [ -8.805479871698651, 37.648420066932601 ], [ -8.801567839684026, 37.656462859573367 ], [ -8.802524804675954, 37.660986900924797 ], [ -8.795734089556561, 37.674357096602762 ], [ -8.796783089368034, 37.679775952598163 ], [ -8.79233630787428, 37.694543691138506 ], [ -8.795600435911354, 37.704445090168804 ], [ -8.787854999608498, 37.712991158715056 ], [ -8.787331720082761, 37.717443351429552 ], [ -8.790953358310787, 37.718894164733968 ], [ -8.797047619551961, 37.736095430060118 ], [ -8.811565780936007, 37.743063686639857 ], [ -8.811831669995513, 37.749267824350682 ], [ -8.807709312634643, 37.752470144681467 ], [ -8.806403447561024, 37.766501466169757 ], [ -8.805055253197338, 37.76895855789121 ], [ -8.80487041373857, 37.771041015430569 ], [ -8.802908082242141, 37.777739941245329 ], [ -8.801777934803795, 37.783480094430843 ], [ -8.801857471744881, 37.794774374238045 ], [ -8.792244352195041, 37.819366055898797 ], [ -8.790923806588353, 37.835684804809944 ], [ -8.791075593263997, 37.839957009008799 ], [ -8.795773376440138, 37.852180653614312 ], [ -8.792717745427581, 37.865467047766117 ], [ -8.793005970049421, 37.868775950349857 ], [ -8.796496071636341, 37.880751927059862 ], [ -8.797624826924164, 37.894404412733536 ], [ -8.799625954274347, 37.897184379055886 ], [ -8.799624866094632, 37.901191597114575 ], [ -8.800157968915073, 37.906068464088378 ], [ -8.803319472615499, 37.912360836983112 ], [ -8.806488840887255, 37.921870274593573 ], [ -8.811038017390558, 37.92979907996363 ], [ -8.838527061074956, 37.938196563420718 ], [ -8.847970638634024, 37.937491636130176 ], [ -8.852956807410692, 37.93589605266078 ], [ -8.856499831402061, 37.944246292032801 ], [ -8.865018550665525, 37.949845105966915 ], [ -8.866724862262515, 37.953771802326855 ], [ -8.878661535901131, 37.949701310667024 ], [ -8.88800797408868, 37.951661683439966 ], [ -8.888520934793235, 37.957777544598059 ], [ -8.878247747035857, 37.967806466595221 ], [ -8.871170451255296, 37.969226291060522 ], [ -8.86097208709208, 37.980555217249503 ], [ -8.854074039685145, 37.991759617012747 ], [ -8.843806171417611, 38.012577436699416 ], [ -8.832038698027418, 38.03254450402568 ], [ -8.824649461603315, 38.049344837194553 ], [ -8.821440730005634, 38.056765733351938 ], [ -8.810238048846827, 38.082251565057732 ], [ -8.808538117939747, 38.089438757093035 ], [ -8.794781685926012, 38.125306266271195 ], [ -8.783242360646398, 38.169007112388385 ], [ -8.779467318761704, 38.189573166868229 ], [ -8.779022523970241, 38.192209220079519 ], [ -8.778043681170914, 38.193873440706795 ], [ -8.775763751395971, 38.221094954968237 ], [ -8.775246088136385, 38.226742213582327 ], [ -8.775103527605665, 38.247913553168019 ], [ -8.775384265371486, 38.252739682190622 ], [ -8.776944160144808, 38.281806949730992 ], [ -8.778666872678002, 38.289112227247529 ], [ -8.779311718061308, 38.297784589387334 ], [ -8.781175130427869, 38.30907773874668 ], [ -8.782773046738669, 38.319359663417799 ], [ -8.78360571732992, 38.325115820938436 ], [ -8.78744692773347, 38.339669122432099 ], [ -8.789652632862669, 38.347634890837583 ], [ -8.800640020820254, 38.375256403760091 ], [ -8.802694320586397, 38.381138607560729 ], [ -8.814185247051455, 38.40307889627411 ], [ -8.824811677716696, 38.419220314166239 ], [ -8.827732478770827, 38.421950201740458 ], [ -8.836179296337434, 38.432101567333518 ], [ -8.866148284415772, 38.455320167691639 ], [ -8.883194447265907, 38.466111182385191 ], [ -8.887485822312783, 38.471128677246725 ], [ -8.904519707618363, 38.485758591985473 ], [ -8.905571435972945, 38.488287311110582 ], [ -8.905324299576705, 38.493843079894248 ], [ -8.897126578029088, 38.493698119972294 ], [ -8.888888840247716, 38.490475335568362 ], [ -8.888394766205465, 38.4846818130153 ], [ -8.878144692823241, 38.480915195979549 ], [ -8.863946279097433, 38.46628300325807 ], [ -8.849443609434957, 38.455494619980755 ], [ -8.833036251221984, 38.448870488082605 ], [ -8.824610611790263, 38.443959427985249 ], [ -8.820057784039477, 38.42371048884803 ], [ -8.813996666413004, 38.414344658579182 ], [ -8.80148138156045, 38.399186273427802 ], [ -8.795465509725432, 38.398871703166606 ], [ -8.795266067075261, 38.405645967887153 ], [ -8.796010607703352, 38.407623088734624 ], [ -8.79571954841839, 38.409262703011393 ], [ -8.791304208122654, 38.410197068040304 ], [ -8.793493270398073, 38.416526789779596 ], [ -8.797027586254046, 38.416860961664099 ], [ -8.804965915444598, 38.424742630867797 ], [ -8.808972355589674, 38.42713851563002 ], [ -8.808565734321121, 38.439338047612864 ], [ -8.807976472436224, 38.441159283574109 ], [ -8.803749079656257, 38.443334579926955 ], [ -8.796146244353622, 38.439566773987508 ], [ -8.783421455235896, 38.426422154358988 ], [ -8.779965160064023, 38.421736719773833 ], [ -8.76804236116601, 38.424354181300487 ], [ -8.774444099715367, 38.414028165567458 ], [ -8.754431273984039, 38.416015518901133 ], [ -8.748201559554275, 38.417503358193471 ], [ -8.744033813409715, 38.422674393408556 ], [ -8.737361430185786, 38.418890000373267 ], [ -8.718528553649776, 38.417663574214657 ], [ -8.695139404959548, 38.418193818090288 ], [ -8.685727502422253, 38.414994136370353 ], [ -8.680605899342709, 38.413938462689941 ], [ -8.675277338878061, 38.413728426026069 ], [ -8.674495771362729, 38.415079448757581 ], [ -8.673287161673102, 38.41354002165474 ], [ -8.673074465713967, 38.417500962399572 ], [ -8.672392741831516, 38.418966081219708 ], [ -8.686252316191371, 38.430770001434496 ], [ -8.692416923302346, 38.437003785296497 ], [ -8.696661235927252, 38.43917342491369 ], [ -8.699869814640181, 38.442333190224588 ], [ -8.704015432965832, 38.441784119941246 ], [ -8.708474638593657, 38.442370426653895 ], [ -8.715856790158682, 38.439119337887178 ], [ -8.720832823575904, 38.444166184821597 ], [ -8.722175550960856, 38.467007967443806 ], [ -8.722499844692038, 38.470695499897431 ], [ -8.73124669407963, 38.476405834261868 ], [ -8.732443566717166, 38.477835981145688 ], [ -8.722777840424953, 38.485137940163838 ], [ -8.72449124227694, 38.491642607020765 ], [ -8.725010944299584, 38.493354912599216 ], [ -8.725169611688159, 38.497979988285863 ], [ -8.728482789648979, 38.508064563928542 ], [ -8.729356211220136, 38.511551412667586 ], [ -8.729101232735673, 38.513088904429424 ], [ -8.725600663040098, 38.514565362801306 ], [ -8.723275083678118, 38.516637891825326 ], [ -8.72240161983882, 38.523750309729053 ], [ -8.739568898885523, 38.523500062577853 ], [ -8.741959256414532, 38.538008796368899 ], [ -8.735905917024411, 38.546937578606446 ], [ -8.740230876353792, 38.550879156947587 ], [ -8.74201349542642, 38.560485840049523 ], [ -8.733784515243144, 38.570349056563771 ], [ -8.74645451316519, 38.567123413214972 ], [ -8.746929702343834, 38.551518246669787 ], [ -8.74960173203425, 38.549704396840468 ], [ -8.752750014801279, 38.548653413124555 ], [ -8.760693787588195, 38.53612804237531 ], [ -8.763842266407437, 38.526991526637687 ], [ -8.770856856958346, 38.527846810681808 ], [ -8.780110388883315, 38.532643191030502 ], [ -8.782129606096419, 38.528879546254132 ], [ -8.777453743895137, 38.523564656383826 ], [ -8.781117582810168, 38.517318362052833 ], [ -8.786538736573391, 38.512338775414207 ], [ -8.802991094163644, 38.509285881937956 ], [ -8.806665900311032, 38.507221222881185 ], [ -8.787401008349832, 38.509000781560871 ], [ -8.777122771798417, 38.506801607308375 ], [ -8.764652730039415, 38.50870561866941 ], [ -8.764494898121029, 38.512848008428875 ], [ -8.758644069867898, 38.506075311226709 ], [ -8.754326302416871, 38.501333828193651 ], [ -8.755279060380303, 38.488193510022541 ], [ -8.758006634898209, 38.484095304854463 ], [ -8.773926174753115, 38.48321891911786 ], [ -8.778693583442077, 38.480084227804923 ], [ -8.779639243955899, 38.472693636102463 ], [ -8.800416757827065, 38.472416689878401 ], [ -8.801804540347234, 38.480693819764042 ], [ -8.794222952427276, 38.485497474728732 ], [ -8.807362079896052, 38.486804963078612 ], [ -8.813588323841998, 38.482801607608167 ], [ -8.815651948678465, 38.48351406582151 ], [ -8.832854802207294, 38.493811713339937 ], [ -8.847177602064619, 38.50546569768386 ], [ -8.862009783324822, 38.509364623878355 ], [ -8.865858663146753, 38.510157212585341 ], [ -8.866862895606118, 38.515279530625889 ], [ -8.874221332048762, 38.517792330851421 ], [ -8.880373366637514, 38.518691556670035 ], [ -8.885365248807148, 38.521500588181652 ], [ -8.902086122376602, 38.518013614436825 ], [ -8.906553116133352, 38.5167292809316 ], [ -8.912824494354879, 38.511114120920013 ], [ -8.917443024775707, 38.511085622303654 ], [ -8.920260898421702, 38.509702184408354 ], [ -8.926371414908829, 38.504397038692446 ], [ -8.929030357664828, 38.50219073821205 ], [ -8.933770560063238, 38.488520052058789 ], [ -8.94428561329039, 38.484280495048836 ], [ -8.946618410611109, 38.483505143647506 ], [ -8.957799148312006, 38.484756574556343 ], [ -8.967999881289415, 38.483780755277678 ], [ -8.969595472852745, 38.480798878565452 ], [ -8.979835615920877, 38.479505327908612 ], [ -8.990013437769903, 38.465666798583925 ], [ -8.996321384224473, 38.461709984827962 ], [ -9.01033214990872, 38.456337568024423 ], [ -9.018989659744932, 38.453258721912562 ], [ -9.027916435594989, 38.44678998656866 ], [ -9.029094320846184, 38.446307247581444 ], [ -9.034317454686743, 38.448024869951837 ], [ -9.036342136180622, 38.447711755693035 ], [ -9.044491297035677, 38.444251757112966 ], [ -9.054013790104307, 38.44053441932806 ], [ -9.063785624706782, 38.437266361253648 ], [ -9.064166700732585, 38.43485825560407 ], [ -9.069831988055739, 38.435567924120448 ], [ -9.072028767413656, 38.435354245202291 ], [ -9.082393391941423, 38.436498261085944 ], [ -9.097695286408282, 38.441587321297902 ], [ -9.101252645593092, 38.442429683882835 ], [ -9.11268917926219, 38.441729228021529 ], [ -9.115536298861059, 38.433678739881998 ], [ -9.11858944414746, 38.433225000433481 ], [ -9.130357610914984, 38.432613411979446 ], [ -9.132600592043616, 38.430340558969647 ], [ -9.143789465011764, 38.430089552790662 ], [ -9.147452742749806, 38.429670239390077 ], [ -9.149564512791983, 38.429734229750977 ], [ -9.158404052604908, 38.431000709015564 ], [ -9.168854325866391, 38.429441137998197 ], [ -9.181580020601416, 38.420362284991484 ], [ -9.183736229743147, 38.419759653785036 ], [ -9.196147296660342, 38.409448576690522 ], [ -9.200177681254956, 38.409217555246016 ], [ -9.218889334575067, 38.412312631422878 ], [ -9.222669906391047, 38.41379291191339 ], [ -9.215329022016704, 38.423980216214034 ], [ -9.21757638734033, 38.4275322676001 ], [ -9.210199264784194, 38.436954678715495 ], [ -9.205446958410334, 38.448908615740095 ], [ -9.198973830777618, 38.453814172885814 ], [ -9.192434927629733, 38.466962605639765 ], [ -9.191610684585385, 38.468743571758466 ], [ -9.188703255550763, 38.474736912878257 ], [ -9.187262288923421, 38.479960154637467 ], [ -9.183910323202781, 38.49322698673609 ], [ -9.182834538882844, 38.503694564752436 ], [ -9.178834774405288, 38.507290801629267 ], [ -9.161027907411949, 38.516411992019869 ], [ -9.161110875266615, 38.523206710021725 ], [ -9.176157950429001, 38.513980228804542 ], [ -9.179373014153214, 38.514875636101749 ], [ -9.183303040702697, 38.529588813672888 ], [ -9.183583815340739, 38.53114805823634 ], [ -9.184654328734212, 38.538259726105537 ], [ -9.187055672381348, 38.545554129019877 ], [ -9.187742997241457, 38.548452410150674 ], [ -9.18881098084205, 38.553095521741 ], [ -9.19297784834896, 38.564655988283278 ], [ -9.199040750230381, 38.577648198905308 ], [ -9.20380433140474, 38.584461910588743 ], [ -9.204270120869353, 38.585613221772803 ], [ -9.207902102200194, 38.595925761165006 ], [ -9.209524302904185, 38.599843284440055 ], [ -9.209674110171989, 38.601525807170333 ], [ -9.212166920267123, 38.606083508347297 ], [ -9.21533786864768, 38.610693429558182 ], [ -9.221202448434212, 38.619773209765867 ], [ -9.224797401978492, 38.624161698103933 ], [ -9.234330214767567, 38.636154987662621 ], [ -9.240576910196182, 38.642284096733704 ], [ -9.241590863427575, 38.644101872103761 ], [ -9.245330481916142, 38.648449045587029 ], [ -9.256835082572934, 38.660261403241236 ], [ -9.258665584249286, 38.663687215892367 ], [ -9.257820722448344, 38.665210297817055 ], [ -9.256152307383047, 38.665440642971362 ], [ -9.24469184725092, 38.668383597924731 ], [ -9.241819962121497, 38.672738384169122 ], [ -9.240654942571496, 38.674641021366085 ], [ -9.23758897834864, 38.675111910886017 ], [ -9.233639717099209, 38.673606872958885 ], [ -9.206475411411077, 38.678131276737076 ], [ -9.200199032958949, 38.678566971288774 ], [ -9.198624207641046, 38.678549209678351 ], [ -9.1790937485776, 38.679095651243358 ], [ -9.14774789844671, 38.68821735244893 ], [ -9.144623042119633, 38.684917450280182 ], [ -9.147630151110548, 38.675140128913881 ], [ -9.151052469895546, 38.672031400129072 ], [ -9.138102709072712, 38.659756900660511 ], [ -9.123450279806548, 38.653618620303121 ], [ -9.107610376717446, 38.650700779817214 ], [ -9.10271875096953, 38.648584962825851 ], [ -9.103999903572628, 38.648282739357001 ], [ -9.113889214815345, 38.644514082658816 ], [ -9.124875621612603, 38.650740244766553 ], [ -9.12666485519884, 38.644431720947239 ], [ -9.138166140954581, 38.643513298200219 ], [ -9.11308503024992, 38.636432102959247 ], [ -9.112823564955534, 38.630312600446189 ], [ -9.105417012085411, 38.623332980033069 ], [ -9.106620680899653, 38.643132952423855 ], [ -9.097708374242018, 38.645117505268729 ], [ -9.084073517978425, 38.645105940886538 ], [ -9.086442386207125, 38.638573163021135 ], [ -9.085107850746681, 38.638016024020317 ], [ -9.076334571183452, 38.640857693727639 ], [ -9.072394965055537, 38.634673461611044 ], [ -9.065429581809724, 38.626990000288345 ], [ -9.064467112966838, 38.621273677338365 ], [ -9.057281631442095, 38.613830020239277 ], [ -9.054530815744499, 38.629015581104227 ], [ -9.059117861799848, 38.633016356419773 ], [ -9.060201598824676, 38.633905328168396 ], [ -9.06509302672174, 38.634227962650414 ], [ -9.066584199800957, 38.634286417684109 ], [ -9.066450491297076, 38.636447554211315 ], [ -9.065243894290234, 38.644462622552055 ], [ -9.072770924838267, 38.652318808566235 ], [ -9.085050620589641, 38.654046056380423 ], [ -9.087174333628525, 38.654573694920145 ], [ -9.089398325572233, 38.661930199619064 ], [ -9.075459822212963, 38.66740780832373 ], [ -9.071852493997369, 38.668835447897663 ], [ -9.054477984171569, 38.678005156712686 ], [ -9.042675775366718, 38.678242534565356 ], [ -9.043682129326783, 38.676530829734077 ], [ -9.042917012210296, 38.668056490214894 ], [ -9.039166927411713, 38.662823996230486 ], [ -9.031736850075504, 38.668007850382025 ], [ -9.022475484156246, 38.669930459722991 ], [ -8.998564716988028, 38.656435646787713 ], [ -9.002453647217976, 38.668309847221735 ], [ -9.012376906968655, 38.669895787260828 ], [ -9.011907844871075, 38.676975727048216 ], [ -9.007916450383846, 38.68624877965749 ], [ -8.997382801874778, 38.687479654762285 ], [ -8.986620587070377, 38.699352901914949 ], [ -8.994218765683456, 38.699883512713996 ], [ -9.006623538245663, 38.699859999939122 ], [ -9.00920415005146, 38.702479362632516 ], [ -9.019061223296774, 38.700682220408225 ], [ -9.027881999654539, 38.700465121368325 ], [ -9.02925584628025, 38.700687791708276 ], [ -9.036665571958508, 38.698637877036447 ], [ -9.049272047167221, 38.690228919129368 ], [ -9.04920986174568, 38.693899708904496 ], [ -9.046628210323604, 38.711618636590856 ], [ -9.04259531841916, 38.717563630157485 ], [ -9.032744274228833, 38.723011563033253 ], [ -9.016361954040917, 38.72783260908767 ], [ -9.012520419881412, 38.731281457873024 ], [ -9.006843169776403, 38.737050535054209 ], [ -8.993272194156361, 38.74225508170673 ], [ -8.991794915602839, 38.742587721146492 ], [ -8.971329210174872, 38.748610815436848 ], [ -8.962477076255993, 38.756788772583832 ], [ -8.948275647103401, 38.761389507220031 ], [ -8.944867481848746, 38.761857346239594 ], [ -8.932527732069161, 38.761778259858886 ], [ -8.926354469882824, 38.759828947847723 ], [ -8.931857821681092, 38.764979027060519 ], [ -8.933036064862449, 38.765318872767807 ], [ -8.935506820883006, 38.770833969711987 ], [ -8.942011906824007, 38.775233330853609 ], [ -8.945143596199955, 38.778047084705236 ], [ -8.945117289231462, 38.779371430846936 ], [ -8.941232678445317, 38.782484266835525 ], [ -8.931574819422337, 38.785641480769755 ], [ -8.930722762145706, 38.790111159002834 ], [ -8.937385706085422, 38.795212789039056 ], [ -8.931804660056969, 38.795417790398744 ], [ -8.935416937241826, 38.803749084652566 ], [ -8.946314759918209, 38.816153800557515 ], [ -8.947552542715641, 38.816582163835847 ], [ -8.954552013864316, 38.824275549177287 ], [ -8.96550106821968, 38.824757099260751 ], [ -8.96887704943623, 38.82623715042422 ], [ -8.975902317637804, 38.832133611177255 ], [ -8.976905902585315, 38.838441425431483 ], [ -8.983483023322833, 38.844269606956857 ], [ -8.984466081244591, 38.845971275354145 ], [ -8.988738030935338, 38.850146370758466 ], [ -8.984646202859949, 38.859261256901561 ], [ -8.979198693564797, 38.865154584416587 ], [ -8.979575633608533, 38.870000840266641 ], [ -8.988208359927796, 38.875722696745129 ], [ -8.994697761692294, 38.884054568363695 ], [ -8.993609904873153, 38.898193359735842 ], [ -8.988056184745062, 38.912823996630209 ], [ -8.991298152587603, 38.924058767398265 ], [ -8.991121236156062, 38.937595599357451 ], [ -8.985351444013872, 38.933585760674362 ], [ -8.975567287800061, 38.923043823113971 ], [ -8.969982570738978, 38.909184095869364 ], [ -8.960757785643239, 38.912146674029827 ], [ -8.95, 38.912499999675276 ], [ -8.949645318176863, 38.919117567421836 ], [ -8.92118665873727, 38.947575547873271 ], [ -8.920480007446315, 38.95659111828553 ], [ -8.916313341387536, 38.964924452201785 ], [ -8.908686658762235, 38.97257554782334 ], [ -8.900000000099851, 38.991666665584205 ], [ -8.876742213582247, 38.992019992128974 ], [ -8.864924451901913, 38.999646673854954 ], [ -8.859551690657952, 38.999819198896944 ], [ -8.851742215430875, 39.000353326045229 ], [ -8.835075547598422, 39.008686659062107 ], [ -8.830879720122937, 39.012853326020206 ], [ -8.801742214631474, 39.012853326020206 ], [ -8.79754638715599, 39.017019992079042 ], [ -8.768408881664527, 39.016313340788088 ], [ -8.764213053289723, 39.012146674729308 ], [ -8.755908881689493, 39.012853326020206 ], [ -8.747902425256655, 39.020834010581154 ], [ -8.737853326070081, 39.01075778514371 ], [ -8.737146673879863, 39.005908881689606 ], [ -8.729519992153882, 38.998257785168676 ], [ -8.72831590425551, 38.992517428736392 ], [ -8.718877156955159, 38.988067288274806 ], [ -8.710289510052803, 38.986932712574685 ], [ -8.701956177035868, 38.982766045616586 ], [ -8.693877157005147, 38.975567288299771 ], [ -8.681122843144635, 38.974432712599651 ], [ -8.668877156155759, 38.967233954383516 ], [ -8.651956177135844, 38.966099378683452 ], [ -8.646579996669459, 38.961932711725296 ], [ -8.63945617716081, 38.963067288324737 ], [ -8.634079996694425, 38.967233954383516 ], [ -8.627210490171933, 38.963067288324737 ], [ -8.606122843294543, 38.961932711725296 ], [ -8.602210490221921, 38.958900621366638 ], [ -8.576956176386375, 38.957766045666517 ], [ -8.573043823313753, 38.954733954408539 ], [ -8.558333332916959, 38.954166666558478 ], [ -8.557346937611044, 38.957616170050244 ], [ -8.543673028287571, 38.958950805335462 ], [ -8.52987230106578, 38.963307020602599 ], [ -8.528474595426189, 38.98233981642943 ], [ -8.51752828040577, 38.987830946441079 ], [ -8.516049194214872, 38.997993638995297 ], [ -8.512386067562943, 39.003008015907255 ], [ -8.49783969444627, 39.008950806134862 ], [ -8.48823513464373, 39.017469957072933 ], [ -8.487500000024909, 39.025000000349792 ], [ -8.477424451776983, 39.028813340763122 ], [ -8.456122843594301, 39.029733954258631 ], [ -8.443877156605424, 39.041099379432865 ], [ -8.435289509703068, 39.042233954233666 ], [ -8.430134413172595, 39.046229383978925 ], [ -8.428279283562063, 39.053458319845618 ], [ -8.418622843669255, 39.0547339542087 ], [ -8.402210489722279, 39.070266045441713 ], [ -8.397789509778022, 39.071400621141777 ], [ -8.384236992742956, 39.083978949369055 ], [ -8.383333333266648, 39.091666666283686 ], [ -8.360289509852976, 39.092233954133746 ], [ -8.347789509877941, 39.096400621091846 ], [ -8.343408987734563, 39.100727599399249 ], [ -8.342319945608949, 39.100334102836655 ], [ -8.34251864631841, 39.102373239133726 ], [ -8.341234407242041, 39.111016164664306 ], [ -8.334029592991271, 39.113830184715312 ], [ -8.328341760563774, 39.122084916985386 ], [ -8.323680398131842, 39.124828515623562 ], [ -8.321298291882613, 39.127766625029778 ], [ -8.32026604644085, 39.135543823588648 ], [ -8.303197221574464, 39.154590461780458 ], [ -8.29445849576291, 39.162307520875459 ], [ -8.288506995601324, 39.164158280680169 ], [ -8.28528456283226, 39.166841880148695 ], [ -8.278083542821207, 39.16735742910214 ], [ -8.264456177010914, 39.166099379183038 ], [ -8.260405137686917, 39.162959798256111 ], [ -8.248043823063938, 39.174432712199973 ], [ -8.237989532990525, 39.181266316887047 ], [ -8.235855692686016, 39.181606873958117 ], [ -8.232979462032517, 39.183285704072034 ], [ -8.230012579716742, 39.186455039068846 ], [ -8.228549074280295, 39.18860812666378 ], [ -8.224818186410118, 39.19424000866951 ], [ -8.220807237064264, 39.19557117167227 ], [ -8.214456177110833, 39.196400620892007 ], [ -8.201956177135798, 39.204733954808205 ], [ -8.193877156205758, 39.211932712125019 ], [ -8.187499999725162, 39.21249999997508 ], [ -8.184206668003299, 39.218619703936213 ], [ -8.182862624010852, 39.223565505743522 ], [ -8.178770616071006, 39.228198919944248 ], [ -8.163350762028017, 39.234184265191743 ], [ -8.16289418341978, 39.238959928757765 ], [ -8.159598929846709, 39.243292907341868 ], [ -8.157018514992444, 39.246276942427016 ], [ -8.153695361751488, 39.248361409951144 ], [ -8.153561069587624, 39.256984600758756 ], [ -8.155342231758539, 39.260400913871138 ], [ -8.155268758046702, 39.261969997917106 ], [ -8.155710325171299, 39.266664514755576 ], [ -8.152293181085383, 39.274024218343072 ], [ -8.14640062159134, 39.281122843344576 ], [ -8.145833333741336, 39.287499999825172 ], [ -8.135394854189144, 39.28652394402485 ], [ -8.133413241228027, 39.287555042831002 ], [ -8.128585303668785, 39.2872325504419 ], [ -8.120377731846816, 39.286811311592828 ], [ -8.116771382992908, 39.284979573348664 ], [ -8.116851788679071, 39.280305037647395 ], [ -8.115851507840773, 39.275649685384735 ], [ -8.094154191662597, 39.275656406917676 ], [ -8.087300196646709, 39.275793197398173 ], [ -8.084412655219808, 39.27616070625163 ], [ -8.081949279035939, 39.277839203616395 ], [ -8.078293040291555, 39.281697503836767 ], [ -8.074996217401463, 39.289737552645988 ], [ -8.071274098820538, 39.295194547090716 ], [ -8.070227108094514, 39.29659726914872 ], [ -8.068458295413961, 39.300112519377308 ], [ -8.062962175064285, 39.302139360143428 ], [ -8.059402207845551, 39.305936802341591 ], [ -8.05415855237527, 39.310332744260791 ], [ -8.052703584203016, 39.310781707409944 ], [ -8.050037763431988, 39.311992635551746 ], [ -8.045602597581762, 39.321494994598368 ], [ -8.042003467585914, 39.325649164577328 ], [ -8.041957371035778, 39.327387817593774 ], [ -8.037442223979383, 39.332542670407975 ], [ -8.029896754631466, 39.337681009870778 ], [ -8.028757211076368, 39.338991973201075 ], [ -8.028718384645686, 39.345967695053162 ], [ -8.028426926061741, 39.348856320163122 ], [ -8.02841662432769, 39.351846750327297 ], [ -8.029869340597543, 39.361498091963426 ], [ -8.028134823563221, 39.363082328686573 ], [ -8.014456176611191, 39.363067288424645 ], [ -8.010008302441179, 39.366526384984752 ], [ -7.999511598081767, 39.369382373697647 ], [ -7.996119221324932, 39.376305635396818 ], [ -7.994790034132734, 39.377561421722305 ], [ -7.992514585679544, 39.380333653875084 ], [ -7.989568212403015, 39.382984293190646 ], [ -7.986744297111557, 39.383657564345185 ], [ -7.985487079065422, 39.383903009116636 ], [ -7.981025890432477, 39.383634135207217 ], [ -7.976403750132931, 39.383349334304398 ], [ -7.967013210990842, 39.380351427176663 ], [ -7.958900621066789, 39.389456177060993 ], [ -7.957482570963805, 39.394982401316838 ], [ -7.951956176736132, 39.396400621391592 ], [ -7.943877156705355, 39.403599378708407 ], [ -7.938208346737781, 39.405054050104354 ], [ -7.936791652812474, 39.415779282987558 ], [ -7.930017428561428, 39.417517598758252 ], [ -7.92825758212166, 39.424376424032801 ], [ -7.914456176811086, 39.42556728829976 ], [ -7.909301079381237, 39.429562547173873 ], [ -7.903770785693155, 39.440698920418868 ], [ -7.895833333341614, 39.445833333441612 ], [ -7.868408881664493, 39.445480007796164 ], [ -7.855879550300983, 39.437146673879965 ], [ -7.848257785168585, 39.441313340838065 ], [ -7.830908881739447, 39.442019992128962 ], [ -7.824039713362026, 39.449281819800206 ], [ -7.811959329859121, 39.450605095748642 ], [ -7.806339348582014, 39.446438428790486 ], [ -7.788828701183547, 39.445228237193419 ], [ -7.783149888956189, 39.457224188745386 ], [ -7.775753445365183, 39.459283786417643 ], [ -7.774228074665871, 39.470013427777531 ], [ -7.766125996917197, 39.471438428740555 ], [ -7.76050601564009, 39.467271762681776 ], [ -7.741125996967128, 39.461894904126552 ], [ -7.735506015690021, 39.466061571084708 ], [ -7.721797688412551, 39.467369927280345 ], [ -7.713271416642499, 39.470061917423607 ], [ -7.712499999775105, 39.462500000374746 ], [ -7.702210490221887, 39.466099378583522 ], [ -7.688459777896412, 39.467322624739381 ], [ -7.682118394648171, 39.47973395425862 ], [ -7.665596078795943, 39.474583312969571 ], [ -7.655017598183576, 39.469982401166931 ], [ -7.653279283312202, 39.463208516859595 ], [ -7.64362284341945, 39.461932713424062 ], [ -7.633155761828903, 39.458034628994994 ], [ -7.622989232766827, 39.450165693292149 ], [ -7.61616697662464, 39.443886247252578 ], [ -7.613796047149833, 39.441839021553676 ], [ -7.599432712149905, 39.436285061306592 ], [ -7.599974168772803, 39.427856070101598 ], [ -7.600468784206953, 39.410416666995616 ], [ -7.604733954808125, 39.40491332958652 ], [ -7.600567287850026, 39.398043823064029 ], [ -7.599291484414437, 39.388387383171221 ], [ -7.589710490446748, 39.383900621416615 ], [ -7.58005404965462, 39.382624817081705 ], [ -7.579166667008053, 39.379166666608455 ], [ -7.557762498340594, 39.379375143847881 ], [ -7.543376498626458, 39.378808593441875 ], [ -7.5378533257703, 39.373257785318572 ], [ -7.537500000124851, 39.366666666633421 ], [ -7.526956176686156, 39.361932711825261 ], [ -7.514710489697279, 39.350567288449668 ], [ -7.509184265441434, 39.349149068374857 ], [ -7.507429843712259, 39.34231245275754 ], [ -7.493877156705366, 39.329733954558435 ], [ -7.485757784993723, 39.325353325395724 ], [ -7.464242214606486, 39.32464667410477 ], [ -7.451716444558201, 39.312146674129735 ], [ -7.423257785118665, 39.31285332542069 ], [ -7.404166665559103, 39.304166666758306 ], [ -7.395266045591484, 39.285289510302732 ], [ -7.391099378633385, 39.272789510327698 ], [ -7.38390062131657, 39.26471049029692 ], [ -7.379628498956038, 39.256241184283283 ], [ -7.386932712574605, 39.248043823363787 ], [ -7.388467745589935, 39.242062548447905 ], [ -7.400567288249704, 39.236285061706269 ], [ -7.399432713448903, 39.226956175587077 ], [ -7.396400621291605, 39.223043823413775 ], [ -7.395266045591484, 39.206122842595164 ], [ -7.390815735158014, 39.196684265266697 ], [ -7.382766045616449, 39.194618394823124 ], [ -7.38390062131657, 39.185289511401891 ], [ -7.391099378633385, 39.177210489572474 ], [ -7.392233954333506, 39.160289510552502 ], [ -7.395266045591484, 39.156377156580561 ], [ -7.377424452176683, 39.137853325770436 ], [ -7.372575547823203, 39.137146673580162 ], [ -7.356591118285451, 39.121186658837303 ], [ -7.35174221483129, 39.120480008445668 ], [ -7.339924452251637, 39.108686658862268 ], [ -7.329519992253779, 39.102424451926993 ], [ -7.332672118723281, 39.09910040925655 ], [ -7.33390062141649, 39.08528950980309 ], [ -7.34224955227495, 39.075919596612152 ], [ -7.356377156980159, 39.070266045441713 ], [ -7.361844041269421, 39.065706719189791 ], [ -7.363067288324658, 39.051956176836143 ], [ -7.366099378683316, 39.048043822864202 ], [ -7.367233954383437, 39.03112284384423 ], [ -7.370266045641472, 39.027210489872289 ], [ -7.371400621341536, 39.010289509952997 ], [ -7.374432712599571, 39.006377156880319 ], [ -7.378276061590896, 38.992362805599043 ], [ -7.356377156980159, 38.971400621341672 ], [ -7.338405694267351, 38.970195516310071 ], [ -7.33390062141649, 38.960543823039075 ], [ -7.332700602051091, 38.942645602912307 ], [ -7.327210490071991, 38.938067286576086 ], [ -7.314710490097013, 38.933900621416569 ], [ -7.297789510177722, 38.932766045716505 ], [ -7.27499999975015, 38.933333333566566 ], [ -7.27443271190009, 38.931122843144749 ], [ -7.258333333716337, 38.912499999675276 ], [ -7.258686659361786, 38.901742214931346 ], [ -7.266313341087766, 38.889924452351636 ], [ -7.266666666733215, 38.883333333666485 ], [ -7.272575548023099, 38.879519992353835 ], [ -7.297546216584578, 38.892019992328812 ], [ -7.30174221493121, 38.887853325370713 ], [ -7.314924452301568, 38.887146674079816 ], [ -7.318408880965023, 38.883686659311934 ], [ -7.335757785293538, 38.882980008020979 ], [ -7.343408880915092, 38.875353325395679 ], [ -7.35221049002206, 38.87556728760029 ], [ -7.359079997443871, 38.87973395455839 ], [ -7.364456177010936, 38.87556728760029 ], [ -7.392413330410818, 38.87443271190017 ], [ -7.400746663427753, 38.87973395455839 ], [ -7.406122843894082, 38.87556728760029 ], [ -7.419933743347542, 38.874338785806344 ], [ -7.422571540344279, 38.866720021711672 ], [ -7.431122843844093, 38.858900621566477 ], [ -7.436649068099939, 38.85748257056423 ], [ -7.438467746389335, 38.850396050437439 ], [ -7.443622843819128, 38.846400621591442 ], [ -7.45762481683181, 38.840779283237396 ], [ -7.458900621166663, 38.831122843344588 ], [ -7.467019991978987, 38.814242214206899 ], [ -7.475353325895242, 38.805882433027932 ], [ -7.474646674604287, 38.797575548173086 ], [ -7.481591118934944, 38.796186658587487 ], [ -7.497575547573433, 38.812146674229666 ], [ -7.505908880590312, 38.816313341187822 ], [ -7.515815734908188, 38.815815904580404 ], [ -7.517019992778387, 38.801742214231865 ], [ -7.520480008445588, 38.79825778556841 ], [ -7.521684265416468, 38.784184095219871 ], [ -7.527424451876925, 38.782980007321555 ], [ -7.539242213557259, 38.771186660436058 ], [ -7.546186658787235, 38.760046386831334 ], [ -7.537858919553457, 38.739208645362737 ], [ -7.544118924049087, 38.732980007421475 ], [ -7.560757785743192, 38.733686658712372 ], [ -7.564953783190504, 38.737853325670471 ], [ -7.585757785693204, 38.737146674379574 ], [ -7.597575548272914, 38.725353325695494 ], [ -7.605075921116793, 38.732709758448664 ], [ -7.627210490371795, 38.733900620916984 ], [ -7.631122843444416, 38.736932712174962 ], [ -7.641666666883111, 38.737500000025022 ], [ -7.642517598208542, 38.740815904730255 ], [ -7.651956176436329, 38.745266045191897 ], [ -7.660543823338742, 38.746400620892018 ], [ -7.668622843369462, 38.753599379108095 ], [ -7.677210490271875, 38.754733954808216 ], [ -7.684079996794367, 38.758900620866996 ], [ -7.689456176361375, 38.754733954808216 ], [ -7.696579996769401, 38.753599379108095 ], [ -7.705017598083657, 38.761649237722168 ], [ -7.71882680231505, 38.766049194214986 ], [ -7.727006531126449, 38.75895080573514 ], [ -7.735493469248183, 38.757715861198108 ], [ -7.754784308449018, 38.752006361404483 ], [ -7.761882357884474, 38.743826973436114 ], [ -7.763470119950057, 38.732918294143985 ], [ -7.77283986406843, 38.741049194264974 ], [ -7.781965467432315, 38.742284138802006 ], [ -7.784304979091473, 38.73410169943395 ], [ -7.80242445222666, 38.729519992653593 ], [ -7.805908880890115, 38.732980007421475 ], [ -7.823257785218573, 38.733686658712372 ], [ -7.831591119134771, 38.737146674379574 ], [ -7.837500000424654, 38.733333333066923 ], [ -7.838067288274715, 38.718622843569449 ], [ -7.853599378608408, 38.702210489622473 ], [ -7.855134413422377, 38.696229383779098 ], [ -7.86028950995285, 38.692233954933101 ], [ -7.881377156830297, 38.691099379233037 ], [ -7.889456176861017, 38.683900621016903 ], [ -7.899112616753825, 38.682624986653877 ], [ -7.900850931625143, 38.675850762402831 ], [ -7.914710489797244, 38.670266045341748 ], [ -7.926956176786064, 38.658900621066834 ], [ -7.931377156730377, 38.65776604536677 ], [ -7.947789509778033, 38.642233954133701 ], [ -7.956377156680389, 38.641099378433637 ], [ -7.968622843669266, 38.633900621116823 ], [ -7.975000000149862, 38.633333333266762 ], [ -7.974646675403676, 38.622575547623455 ], [ -7.971186658837212, 38.61909111896 ], [ -7.970098198572941, 38.609135945867251 ], [ -7.960339863693719, 38.607715860598546 ], [ -7.946541849726543, 38.603279283712027 ], [ -7.945266045391634, 38.593622843819219 ], [ -7.940767076239524, 38.583994547310567 ], [ -7.93333333326666, 38.583333333366681 ], [ -7.925567288099842, 38.593622843819219 ], [ -7.924149068025031, 38.599149238046948 ], [ -7.9132466633028, 38.604733954208655 ], [ -7.90221048982221, 38.600567288149875 ], [ -7.888399590368749, 38.59933878455729 ], [ -7.886580233990571, 38.592249552075202 ], [ -7.877210489872141, 38.583900621216742 ], [ -7.871494547335431, 38.582433743322667 ], [ -7.870172119447716, 38.567566257376939 ], [ -7.866666666433446, 38.566666666433548 ], [ -7.867336019241861, 38.55504286063956 ], [ -7.878983221798194, 38.548890855728473 ], [ -7.883938428715453, 38.539493815387345 ], [ -7.892271762631708, 38.529954020261869 ], [ -7.890854390617562, 38.521606445581028 ], [ -7.881160651342952, 38.520228407215257 ], [ -7.870228238042728, 38.51533779590261 ], [ -7.871438428740476, 38.493660482445364 ], [ -7.878627861886287, 38.477083333129372 ], [ -7.874394904101507, 38.471373833335804 ], [ -7.879771762656674, 38.463040500318868 ], [ -7.874394904101507, 38.450540500343891 ], [ -7.875605095698575, 38.439493814687864 ], [ -7.882799953554979, 38.431257460063762 ], [ -7.875605095698575, 38.418839517829554 ], [ -7.8742853801661, 38.405012342445673 ], [ -7.858686659062016, 38.389924451552247 ], [ -7.858333333416567, 38.374999999850161 ], [ -7.84757554777326, 38.374646674204712 ], [ -7.839242214756382, 38.370480007246613 ], [ -7.831591119134771, 38.362853326419952 ], [ -7.818408880865093, 38.362146674229678 ], [ -7.814924452201637, 38.358686658562476 ], [ -7.805908880890115, 38.357980007271578 ], [ -7.798257785268504, 38.350353326444917 ], [ -7.789242214856301, 38.349646674254643 ], [ -7.785757785293526, 38.346186658587499 ], [ -7.772575547923168, 38.341313341237765 ], [ -7.764924452301614, 38.333686660411104 ], [ -7.760075547948134, 38.33298000732151 ], [ -7.752424452326579, 38.325353325595529 ], [ -7.739242214956221, 38.324646674304631 ], [ -7.735757785393446, 38.321186660436069 ], [ -7.722543165234868, 38.320475260724777 ], [ -7.71701999237871, 38.314924451702154 ], [ -7.71701999237871, 38.276742214381727 ], [ -7.72083333369136, 38.266666667033121 ], [ -7.732482401441644, 38.261649237822098 ], [ -7.733691405933598, 38.25587633042835 ], [ -7.739242214956221, 38.250353325745436 ], [ -7.747575547973099, 38.253813341412638 ], [ -7.755879551400142, 38.254519992703536 ], [ -7.760075547948134, 38.250353325745436 ], [ -7.774451885346195, 38.248405204436665 ], [ -7.780882601850521, 38.245480006597063 ], [ -7.787443443959717, 38.253180514569124 ], [ -7.790357284261233, 38.25478321797118 ], [ -7.794091118310405, 38.257980006572097 ], [ -7.802088731709546, 38.249803252717982 ], [ -7.810232534403895, 38.245672903981358 ], [ -7.811701971768514, 38.245472464882425 ], [ -7.818613264390592, 38.245716942882666 ], [ -7.826742214781348, 38.242019992728558 ], [ -7.841666665584114, 38.241666667083052 ], [ -7.841666665584114, 38.225000000149919 ], [ -7.860468377013945, 38.216023763386033 ], [ -7.868698289794168, 38.208976236963792 ], [ -7.882626343031234, 38.207555475404945 ], [ -7.884026591054294, 38.180212401581116 ], [ -7.893698289744236, 38.175642903996902 ], [ -7.911725362035781, 38.174260796198837 ], [ -7.913274637614393, 38.159072537367763 ], [ -7.932295226943097, 38.15761447462836 ], [ -7.936573622074945, 38.146759710592221 ], [ -7.929280598720595, 38.144674682790424 ], [ -7.924382357559693, 38.137969292648791 ], [ -7.932715690576629, 38.122993638945331 ], [ -7.933950975057428, 38.114506360879886 ], [ -7.941049023593507, 38.106326972012198 ], [ -7.946450975032405, 38.096302625765645 ], [ -7.94515109584637, 38.07599622984219 ], [ -7.935493468848449, 38.071450805310462 ], [ -7.925794134891362, 38.070039197950678 ], [ -7.924382357559693, 38.060339694921026 ], [ -7.917284308124295, 38.043826972137083 ], [ -7.916666666333526, 38.029166666608432 ], [ -7.90174221463144, 38.028813340962984 ], [ -7.889924452051787, 38.021186659237003 ], [ -7.866666666433446, 38.020833333591497 ], [ -7.862853326020115, 38.010757785343571 ], [ -7.867517598658196, 38.005017598883114 ], [ -7.874604118784987, 38.003198920593775 ], [ -7.87859937855842, 37.998043823163982 ], [ -7.879733954258541, 37.98528951020279 ], [ -7.891099379432774, 37.973043823213914 ], [ -7.895833333341614, 37.95416666675834 ], [ -7.905908881589539, 37.95035332544569 ], [ -7.914924452001799, 37.949646674154735 ], [ -7.921759711441496, 37.942593044933119 ], [ -7.928869968274341, 37.940560235366604 ], [ -7.936882358434048, 37.93132680239006 ], [ -7.938426378374629, 37.925926377999986 ], [ -7.944906955091881, 37.924073621700359 ], [ -7.949382358409082, 37.914660136356247 ], [ -7.950861443700603, 37.904497782846477 ], [ -7.962386067762793, 37.898841179376973 ], [ -7.967773099448948, 37.887796698858608 ], [ -7.977006530626852, 37.879784308698959 ], [ -7.989506530601886, 37.871450975682023 ], [ -7.999205864558974, 37.870039198350355 ], [ -8.000617641890642, 37.860339864393268 ], [ -8.003549024367942, 37.856326803439288 ], [ -8.004883829624987, 37.842652893216496 ], [ -8.012386067662874, 37.840507845560694 ], [ -8.016049025242296, 37.835493470447375 ], [ -8.016666667033007, 37.825000000050011 ], [ -8.023043824412923, 37.82443271219995 ], [ -8.0352895114018, 37.817233954883136 ], [ -8.052210490421771, 37.816099379183072 ], [ -8.064583332554719, 37.808802117323921 ], [ -8.071579996919297, 37.813067287925037 ], [ -8.081377156430563, 37.807766045266817 ], [ -8.090746901448313, 37.799417114408357 ], [ -8.092477585572055, 37.792673407751636 ], [ -8.111285061656247, 37.796400620991903 ], [ -8.117626444904488, 37.783989290573345 ], [ -8.131377156330643, 37.782766045316805 ], [ -8.137499999825081, 37.779166667108029 ], [ -8.138067287675142, 37.77278950972817 ], [ -8.149432711950055, 37.760543823638614 ], [ -8.150567287650176, 37.756122843694357 ], [ -8.158900621566374, 37.746770561712083 ], [ -8.157225376150166, 37.742122734976306 ], [ -8.143877156305678, 37.729733954158689 ], [ -8.137895879591099, 37.72819892024404 ], [ -8.133068678576592, 37.721970452274604 ], [ -8.141005452839352, 37.71993374324768 ], [ -8.142019992428686, 37.710075547648444 ], [ -8.145833333741336, 37.700000000299838 ], [ -8.157523939378279, 37.699311998250153 ], [ -8.159101698284701, 37.688471645849802 ], [ -8.16249999977515, 37.687500000324803 ], [ -8.161882527956266, 37.677006530826816 ], [ -8.157715860998167, 37.671302456643105 ], [ -8.163471815272032, 37.659101528912458 ], [ -8.174294365592459, 37.65752631328877 ], [ -8.175617471569012, 37.639506530901713 ], [ -8.1743825279313, 37.61867319701048 ], [ -8.167517428986116, 37.61164906824996 ], [ -8.163067287625154, 37.602210490022173 ], [ -8.16193271192509, 37.589456177060981 ], [ -8.157365586752405, 37.579562547273781 ], [ -8.146567450327552, 37.574119058847543 ], [ -8.104624090829077, 37.531264749968273 ], [ -8.107766045066853, 37.527210490172024 ], [ -8.108333332916914, 37.51249999977523 ], [ -8.116668023010789, 37.506265937123374 ], [ -8.111649237622146, 37.496684265066847 ], [ -8.102424451627087, 37.487853324571347 ], [ -8.092019993427925, 37.481591119434654 ], [ -8.092021518678109, 37.468379550675763 ], [ -8.099999999900035, 37.462499999875149 ], [ -8.099432712049975, 37.443622843419519 ], [ -8.095266045091876, 37.431122843444541 ], [ -8.074432712099963, 37.409358554753567 ], [ -8.079733954758183, 37.400746663028144 ], [ -8.074999999949966, 37.391666666983156 ], [ -8.075899589994037, 37.379827880952007 ], [ -8.083333332966902, 37.379166667008121 ], [ -8.075353325595472, 37.369091118760196 ], [ -8.074646674304518, 37.364242214406715 ], [ -8.066313341287639, 37.355882263255921 ], [ -8.06702541818845, 37.351710679704183 ], [ -8.076742214281694, 37.342019992728524 ], [ -8.081591118635174, 37.341313341437626 ], [ -8.094522134888564, 37.329148424360369 ], [ -8.096253863125241, 37.328867172182299 ], [ -8.09223395473316, 37.323043823613602 ], [ -8.090964254097003, 37.313433160112311 ], [ -8.077210490371783, 37.300567288049933 ], [ -8.071684265216618, 37.299149067975179 ], [ -8.070833332991867, 37.291666666283675 ], [ -8.059079996944263, 37.300567288049933 ], [ -8.053260973215288, 37.292304314392652 ], [ -8.0352895114018, 37.291099378433614 ], [ -8.029913330036095, 37.286932712374835 ], [ -8.014456176611191, 37.288067288074956 ], [ -8.002210489622371, 37.279733954158701 ], [ -7.9811228436443, 37.2744327123998 ], [ -7.968622843669266, 37.266099377584283 ], [ -7.956377156680389, 37.254733954208689 ], [ -7.939710489747256, 37.246400621191754 ], [ -7.934041849751509, 37.244945949795806 ], [ -7.932629055286611, 37.234252759757112 ], [ -7.921494547235511, 37.228267076364546 ], [ -7.920833333291625, 37.220833333391681 ], [ -7.916666666333526, 37.216666666433582 ], [ -7.897968376938991, 37.217309401108025 ], [ -7.885468376963956, 37.213142734149926 ], [ -7.872864956752323, 37.211857265700303 ], [ -7.868801710030823, 37.208976067191827 ], [ -7.85619828981919, 37.207690599641523 ], [ -7.841988457401328, 37.199357265725268 ], [ -7.831301710105777, 37.203523932683424 ], [ -7.809110006021911, 37.204886542280178 ], [ -7.807588365710444, 37.219803195960765 ], [ -7.80203162296101, 37.221476067166805 ], [ -7.781301710205696, 37.232690599591535 ], [ -7.768698289994063, 37.233976067141839 ], [ -7.756198290019029, 37.238142734099938 ], [ -7.747968377238749, 37.24519059956657 ], [ -7.735468377263771, 37.249357265625349 ], [ -7.697575548073019, 37.250353325945298 ], [ -7.693379550625707, 37.254519992004077 ], [ -7.680908881139885, 37.25381334071318 ], [ -7.67742445157711, 37.250353325945298 ], [ -7.655908881189873, 37.249646674654343 ], [ -7.651712883742562, 37.245480007696244 ], [ -7.63507554819796, 37.246186658987199 ], [ -7.630879550750592, 37.250353325945298 ], [ -7.622575548222926, 37.249646674654343 ], [ -7.591666666983031, 37.250000000299849 ], [ -7.59109937913297, 37.243622843819253 ], [ -7.586532253960286, 37.233729214032053 ], [ -7.576956176586236, 37.228599378558499 ], [ -7.568877156555459, 37.221400621241742 ], [ -7.562895880740257, 37.219865587327035 ], [ -7.557418653348122, 37.208935716410224 ], [ -7.521840243832116, 37.207734001822757 ], [ -7.515698920168973, 37.196229214107007 ], [ -7.5105438236385, 37.192233954333574 ], [ -7.489456176761109, 37.191099378633453 ], [ -7.481377156730332, 37.183900621316695 ], [ -7.422789509927895, 37.182766045616575 ], [ -7.419127950794234, 37.179928360805263 ], [ -7.413246663402731, 37.183900621316695 ], [ -7.403974439968408, 37.177590452637332 ], [ -7.403472422214463, 37.170694354960574 ], [ -7.424121648695063, 37.174735034993944 ], [ -7.427201921131712, 37.17532161240257 ], [ -7.428659107931423, 37.175827187874461 ], [ -7.435636543891349, 37.176047734015754 ], [ -7.459304809769094, 37.17720667324943 ], [ -7.467639462091483, 37.175663590402451 ], [ -7.47277761809255, 37.174996883399501 ], [ -7.489523901107077, 37.172350121960619 ], [ -7.521913264285672, 37.163210437012083 ], [ -7.538604671568294, 37.154802435983697 ], [ -7.540553048284494, 37.154137231747882 ], [ -7.548693022564919, 37.15495427392068 ], [ -7.570336343447423, 37.147868731356937 ], [ -7.581064861554069, 37.141064959880055 ], [ -7.588379699763266, 37.138055166412869 ], [ -7.598750114126403, 37.131526948110206 ], [ -7.599545873842942, 37.134965955614405 ], [ -7.603899945126329, 37.132704378304481 ], [ -7.604723215104229, 37.127570149642736 ], [ -7.615341295564292, 37.119764310374649 ], [ -7.615899607280994, 37.121458794987461 ], [ -7.629019902046821, 37.117412620995708 ], [ -7.642381376998912, 37.099280739014944 ], [ -7.639617186583848, 37.100639173059449 ], [ -7.627916496848798, 37.11416752980773 ], [ -7.61825953085264, 37.114837218962521 ], [ -7.617639574206919, 37.113097252935916 ], [ -7.637945138257464, 37.100773708040265 ], [ -7.661512482215244, 37.086034669564413 ], [ -7.664490573681007, 37.086056789289444 ], [ -7.687633338707542, 37.074150396723496 ], [ -7.693041381254716, 37.071036671305365 ], [ -7.694563955062449, 37.070262478230859 ], [ -7.712027837714515, 37.064694974193742 ], [ -7.709999916862614, 37.073333266417137 ], [ -7.717109799577543, 37.064526558154171 ], [ -7.721319912783713, 37.055792245315899 ], [ -7.722664617777866, 37.054072484357732 ], [ -7.754733556108704, 37.037605376087299 ], [ -7.759493050763638, 37.035164643033909 ], [ -7.762447069176858, 37.033984940252822 ], [ -7.776019191432511, 37.028638839410974 ], [ -7.776943922923635, 37.0249303149821 ], [ -7.793355069081144, 37.015653926787365 ], [ -7.801805019885705, 37.013610839768489 ], [ -7.80691576005421, 37.017196306364497 ], [ -7.809355413921196, 37.025318771743969 ], [ -7.816944360094112, 37.027778625283361 ], [ -7.811019769446773, 37.025282729614332 ], [ -7.808471677126136, 37.014097213815432 ], [ -7.819491226638775, 37.009768166167987 ], [ -7.838570951787972, 37.005067545630766 ], [ -7.852777480096563, 36.999305727777141 ], [ -7.857583237676238, 37.001416778361659 ], [ -7.857986330904396, 37.00868034532175 ], [ -7.846805573418408, 37.015693662432625 ], [ -7.835060393322465, 37.020620636932904 ], [ -7.828680634203863, 37.025138854274758 ], [ -7.84113959002002, 37.019877501045869 ], [ -7.853699269006029, 37.016179564335459 ], [ -7.866528029644826, 37.00744323791514 ], [ -7.875206855212127, 37.012441481888914 ], [ -7.881748888000743, 37.011495859146635 ], [ -7.873805808591158, 37.010250092168064 ], [ -7.869979358760361, 37.005463282404605 ], [ -7.864583019990334, 37.00555610503028 ], [ -7.862241811310469, 36.999782018625297 ], [ -7.855871502267973, 36.996451639331724 ], [ -7.864194109070809, 36.986347771432577 ], [ -7.871892037787291, 36.983889518686397 ], [ -7.873262558720057, 36.983419402583422 ], [ -7.886286420082172, 36.981436413659594 ], [ -7.896249773408272, 36.990402220086423 ], [ -7.904167410097841, 36.992084502697708 ], [ -7.911204001663293, 36.999879455672385 ], [ -7.919166330161943, 37.002917287303035 ], [ -7.927638053553267, 36.999305727777141 ], [ -7.93450073961742, 36.999436953252825 ], [ -7.939191893890722, 37.008454325906484 ], [ -7.942409769795006, 37.008653092266456 ], [ -7.937847673631211, 36.999722482606558 ], [ -7.927416037919784, 36.995361330061371 ], [ -7.924583913616686, 36.998610815336917 ], [ -7.916248796344803, 36.998888651889843 ], [ -7.908843040274064, 36.990556079699388 ], [ -7.899999857307535, 36.986701965823102 ], [ -7.897637840114157, 36.979861260089137 ], [ -7.885337556183231, 36.9743848528787 ], [ -7.885018522586677, 36.968731817919092 ], [ -7.875415800099063, 36.970277784891891 ], [ -7.871072597122634, 36.963725821789296 ], [ -7.881448898447843, 36.962281260571785 ], [ -7.887361049672677, 36.96111106991998 ], [ -7.91420001212083, 36.966447673021719 ], [ -7.917105396097099, 36.96713960960534 ], [ -7.925262818124509, 36.969506350038102 ], [ -7.937546413336236, 36.981897353979775 ], [ -7.946527480358895, 36.982151988023872 ], [ -7.964527320279558, 36.994638823722767 ], [ -7.984953243297468, 37.004444757019996 ], [ -8.001539204170911, 37.016783933032116 ], [ -8.004288103413217, 37.017375320914368 ], [ -8.005369128982068, 37.01734180408107 ], [ -8.009335914420888, 37.019008058974805 ], [ -8.015045962800912, 37.021250090419414 ], [ -8.017158203188501, 37.019936558625318 ], [ -8.01854777356084, 37.020772552211554 ], [ -8.026226438799085, 37.024974793651836 ], [ -8.046201484910569, 37.036763242829466 ], [ -8.04754667284061, 37.037579112286267 ], [ -8.057327270437156, 37.043703462145118 ], [ -8.085072603817594, 37.05842802423399 ], [ -8.091723819698473, 37.061460023761128 ], [ -8.094299531997763, 37.062898880578928 ], [ -8.106427117317537, 37.06742341925542 ], [ -8.122096315592444, 37.074510446599902 ], [ -8.131319182434254, 37.074959140851718 ], [ -8.13285644936559, 37.075361305979527 ], [ -8.160128774423356, 37.083289549273331 ], [ -8.161437338362418, 37.083657647182747 ], [ -8.17293537666626, 37.087312430824056 ], [ -8.184019088310208, 37.090504455716086 ], [ -8.193975863095545, 37.088295484249272 ], [ -8.210912137784874, 37.087965540077676 ], [ -8.219139243781001, 37.084526430950064 ], [ -8.226032543666918, 37.085788310182409 ], [ -8.231980743316626, 37.082816317019478 ], [ -8.249775905633498, 37.086695936568276 ], [ -8.254440143197996, 37.086238751817007 ], [ -8.261809318445216, 37.080144101169367 ], [ -8.275537529733185, 37.077079791699077 ], [ -8.286960462954937, 37.072611588354164 ], [ -8.302191007908618, 37.072867741353207 ], [ -8.305880493689813, 37.075115932254505 ], [ -8.309066431070903, 37.07554216144166 ], [ -8.321141787363558, 37.082628596132849 ], [ -8.32230198205076, 37.083516680250625 ], [ -8.333720405172528, 37.090436645035197 ], [ -8.335472258437903, 37.091424706784835 ], [ -8.350252150416338, 37.098068235260882 ], [ -8.360119789796443, 37.100022676105652 ], [ -8.372532857705153, 37.100643092304892 ], [ -8.38781953114642, 37.096498475824035 ], [ -8.390608681345498, 37.095298553585451 ], [ -8.396860272683398, 37.090590978590853 ], [ -8.407211331837459, 37.090215020606763 ], [ -8.409860609579425, 37.089729493721222 ], [ -8.415120385397415, 37.088939871877642 ], [ -8.422552699347534, 37.087454696377165 ], [ -8.4394728779709, 37.086206780918246 ], [ -8.441517231235196, 37.086435756405081 ], [ -8.451303733780264, 37.08855629393787 ], [ -8.466008711332904, 37.092771339026115 ], [ -8.479507136844859, 37.098237767359137 ], [ -8.493129013193368, 37.100041299266593 ], [ -8.50097751180266, 37.100213775745203 ], [ -8.505773410114728, 37.101126586722671 ], [ -8.519130560227154, 37.105117153833646 ], [ -8.520189302394328, 37.106436838789136 ], [ -8.529547713256306, 37.109159321345658 ], [ -8.530178547202127, 37.115849301604044 ], [ -8.56251072968638, 37.119716642708966 ], [ -8.566971981271877, 37.115038095132036 ], [ -8.572988734442504, 37.116310640323832 ], [ -8.576477961888372, 37.117323148344667 ], [ -8.58919381893952, 37.120522649300881 ], [ -8.590818131251694, 37.120914831953996 ], [ -8.595336390861689, 37.12179416926557 ], [ -8.597575714447601, 37.122045918284527 ], [ -8.600625552926886, 37.122921331854059 ], [ -8.614051752086652, 37.122867232237013 ], [ -8.618308551798179, 37.121882899975901 ], [ -8.612239929329235, 37.123879509132109 ], [ -8.60846707639439, 37.12513107763715 ], [ -8.602915760154133, 37.128055570408321 ], [ -8.620832920003181, 37.13236808941582 ], [ -8.628745186840831, 37.128509944778159 ], [ -8.633567536912267, 37.122003830012773 ], [ -8.620485338327683, 37.121243049427221 ], [ -8.622655445592272, 37.120959969826799 ], [ -8.625265177445954, 37.120437652575674 ], [ -8.630772063579798, 37.120328706904331 ], [ -8.649337685885428, 37.115867945449395 ], [ -8.657400083746836, 37.111562314349385 ], [ -8.660919886343606, 37.109822566858043 ], [ -8.668213641746149, 37.102836097208183 ], [ -8.66685285237719, 37.086120785945582 ], [ -8.67306352456194, 37.081730429715606 ], [ -8.684857667347444, 37.085156679437262 ], [ -8.699705100210167, 37.084098276314478 ], [ -8.716799800370438, 37.084790783967549 ], [ -8.729745941422038, 37.084670612059142 ], [ -8.746392340334182, 37.076546986554263 ], [ -8.764727359380061, 37.071301108859132 ], [ -8.77572846379752, 37.071002181405618 ], [ -8.784007794324225, 37.067886911851531 ], [ -8.786563209824237, 37.063485698106547 ], [ -8.792773217410002, 37.063206505376002 ], [ -8.796239415016942, 37.06551422959808 ], [ -8.819115403353123, 37.065476528219278 ], [ -8.840045873917916, 37.060475083558288 ], [ -8.855413480947334, 37.054229902587963 ], [ -8.856768553326049, 37.048926760561585 ], [ -8.864246334300844, 37.042054887023482 ], [ -8.87064101317219, 37.046067311257445 ], [ -8.878584046716355, 37.045572530348068 ], [ -8.880465359188918, 37.044348664559266 ], [ -8.883332574138933, 37.043191979026687 ], [ -8.888374046724834, 37.041583906672031 ], [ -8.895260828324524, 37.037722172840063 ], [ -8.906256315576456, 37.023769923343366 ], [ -8.919139712727485, 37.022203200917033 ], [ -8.927757595736409, 37.016282390120239 ], [ -8.925352043262137, 37.008360863862833 ] ], [ [ -8.017207407795581, 37.02478457804591 ], [ -8.018160923887478, 37.025404310760393 ], [ -8.015045962800912, 37.021250090419414 ], [ -8.017207407795581, 37.02478457804591 ] ], [ [ -8.118392782400917, 37.077352157675989 ], [ -8.121204438134271, 37.0784264122492 ], [ -8.122096315592444, 37.074510446599902 ], [ -8.118392782400917, 37.077352157675989 ] ], [ [ -8.649099052579174, 38.404822795036011 ], [ -8.634548271885194, 38.403599378908268 ], [ -8.633333333666371, 38.408333333716428 ], [ -8.649999999700185, 38.408333333716428 ], [ -8.649099052579174, 38.404822795036011 ] ], [ [ -7.87486166213597, 36.998688169623392 ], [ -7.880089794408434, 37.000722454977392 ], [ -7.878204363040879, 36.997124144263921 ], [ -7.87486166213597, 36.998688169623392 ] ], [ [ -8.524999999950012, 37.116666666633421 ], [ -8.522789510427515, 37.113067288424645 ], [ -8.520266045141796, 37.115451728414598 ], [ -8.524999999950012, 37.116666666633421 ] ] ], [ [ [ -9.036054693968879, 38.683778340198273 ], [ -9.037976598241357, 38.683849204077546 ], [ -9.037942252233108, 38.685295009956803 ], [ -9.037018008174471, 38.686714399150276 ], [ -9.036054693968879, 38.683778340198273 ] ] ], [ [ [ -9.011706924634836, 38.876211166212386 ], [ -9.00430631358546, 38.882915497851968 ], [ -8.998811722083246, 38.883966236053027 ], [ -8.994345665420099, 38.876691296266358 ], [ -8.987067045607603, 38.871906226691067 ], [ -8.98190312762722, 38.868027493873797 ], [ -8.984688343292362, 38.86192322497692 ], [ -8.99916696957996, 38.856390000398278 ], [ -9.014535602735805, 38.855507851805953 ], [ -9.022081768159012, 38.854646396613987 ], [ -9.02023781712154, 38.862332492950259 ], [ -9.011706924634836, 38.876211166212386 ] ] ], [ [ [ -9.007647661010708, 38.913382436949973 ], [ -8.998888969350389, 38.922730763713844 ], [ -8.996245622637332, 38.917100907880638 ], [ -9.000005244746205, 38.896182062851949 ], [ -9.00578679102756, 38.886349996155445 ], [ -9.008389164628227, 38.897488469317466 ], [ -9.007647661010708, 38.913382436949973 ] ] ], [ [ [ -8.619305370246593, 37.120693210223521 ], [ -8.620138005764318, 37.118723845129409 ], [ -8.620485338327683, 37.121243049427221 ], [ -8.619305370246593, 37.120693210223521 ] ] ], [ [ [ -8.753357032001361, 38.435724013152765 ], [ -8.744563934078258, 38.432058075220027 ], [ -8.75138807160215, 38.427361803804274 ], [ -8.753357032001361, 38.435724013152765 ] ] ], [ [ [ -8.82042379282376, 38.435571380215094 ], [ -8.816815889042005, 38.430896593602938 ], [ -8.817414443621601, 38.42900880421297 ], [ -8.82042379282376, 38.435571380215094 ] ] ], [ [ [ -8.733657477910242, 38.45071620718727 ], [ -8.739901621062927, 38.450428668748089 ], [ -8.743378874935104, 38.451322906926691 ], [ -8.747267126176894, 38.459358550856507 ], [ -8.743389607444385, 38.461917878407405 ], [ -8.741041660144447, 38.452882765727111 ], [ -8.730291094258519, 38.454548426168969 ], [ -8.728402934347912, 38.459131243612035 ], [ -8.72982164095589, 38.450330811717663 ], [ -8.733657477910242, 38.45071620718727 ] ] ], [ [ [ -8.737843793256388, 38.504384603766482 ], [ -8.739990599986129, 38.500789364237846 ], [ -8.740776534609324, 38.502196956124692 ], [ -8.739352150581226, 38.50343212998888 ], [ -8.737843793256388, 38.504384603766482 ] ] ], [ [ [ -8.773722267868322, 38.521475412560278 ], [ -8.767268072763272, 38.520793069044942 ], [ -8.766864657577855, 38.515226047943827 ], [ -8.772083916239694, 38.511388780168147 ], [ -8.778881376274455, 38.517311825780212 ], [ -8.773722267868322, 38.521475412560278 ] ] ], [ [ [ -7.86666667362806, 36.968263624566646 ], [ -7.86715856321706, 36.965172865135685 ], [ -7.868416878436165, 36.964064561330474 ], [ -7.86666667362806, 36.968263624566646 ] ] ], [ [ [ -7.809027192850635, 37.00013828235592 ], [ -7.8184719098507, 36.995000840416481 ], [ -7.853751185069086, 36.979583740097553 ], [ -7.866319775437262, 36.970428465401426 ], [ -7.865972039977635, 36.977499641295481 ], [ -7.857082843198611, 36.984582903178477 ], [ -7.850594964885659, 36.992470195842941 ], [ -7.833472009825357, 36.999375345196086 ], [ -7.82888913032906, 37.004028319651297 ], [ -7.809027192850635, 37.00013828235592 ] ] ], [ [ [ -7.996541319925939, 37.008054638410897 ], [ -7.997718904803548, 37.00866988170975 ], [ -7.987879989769681, 37.005138396919563 ], [ -7.983831350736182, 36.999604607566653 ], [ -7.98569469385501, 37.000942684557288 ], [ -7.996541319925939, 37.008054638410897 ] ] ], [ [ [ -7.616813816704223, 37.115238628659824 ], [ -7.61653585784353, 37.113940015719209 ], [ -7.61825953085264, 37.114837218962521 ], [ -7.616813816704223, 37.115238628659824 ] ] ] ] } },
{ "type": "Feature", "properties": { "pfaf_id": 231601, "province": "Santarém", "area_km2": 3971.5, "bws_score": 1.234, "pvout": 1562.0, "solar_norm": 0.819, "water_stress_norm": 0.247, "viability": 0.617, "lon": -8.5788, "lat": 39.2556, "runoff_mm": 398.0, "avail_m3_yr": 1555545638.0, "avail_Mm3_yr": 1555.5, "bws_monthly": [ 0.0, 0.0, 0.0, 0.0, 0.0, 1.33, 1.826, 1.956, 1.756, 0.924, 0.0, 0.0 ], "coastal": true }, "geometry": { "type": "Polygon", "coordinates": [ [ [ -8.996121865131897, 38.940420131583835 ], [ -9.000899590843403, 38.953505452614593 ], [ -9.015767075889812, 38.954827881401684 ], [ -9.038246663752489, 38.967233954383516 ], [ -9.048043823263811, 38.961932711725296 ], [ -9.059079996744401, 38.953599378708418 ], [ -9.064456177210786, 38.957766045666517 ], [ -9.076956177185764, 38.961932711725296 ], [ -9.094618395422572, 38.963067288324737 ], [ -9.10221049012199, 38.958900621366638 ], [ -9.11040785014211, 38.966204834085886 ], [ -9.121579996619516, 38.961932711725296 ], [ -9.132482571313574, 38.96751742878638 ], [ -9.134184095819307, 38.974149238196844 ], [ -9.140815904330452, 38.975850762702578 ], [ -9.14256625662739, 38.98267212042208 ], [ -9.149999999600254, 38.98333333256727 ], [ -9.149432711750194, 38.989710489947186 ], [ -9.145266045691415, 38.995086670413571 ], [ -9.150567286550995, 39.003420003430449 ], [ -9.149432711750194, 39.018877156855353 ], [ -9.142233954433379, 39.026956176886131 ], [ -9.140815904330452, 39.032482571113803 ], [ -9.124999999650242, 39.03333333336667 ], [ -9.128813340962893, 39.039242214656554 ], [ -9.12951999225379, 39.073257785018825 ], [ -9.139211697261999, 39.082975599144618 ], [ -9.144091118310428, 39.083686658912256 ], [ -9.157975599394376, 39.097545708967345 ], [ -9.160289510052792, 39.10890062106688 ], [ -9.131377157030101, 39.136932712274927 ], [ -9.122789510127745, 39.138067287974991 ], [ -9.113350761928075, 39.142517429335953 ], [ -9.108900620567113, 39.151956176636304 ], [ -9.107980007970923, 39.160757785743272 ], [ -9.098257785368446, 39.170480007446429 ], [ -9.089242214956187, 39.171186658737383 ], [ -9.085757785393412, 39.174646674404528 ], [ -9.072575548023053, 39.175353325695482 ], [ -9.068379719648306, 39.179519992653582 ], [ -9.06004638663137, 39.174646674404528 ], [ -9.055878023551884, 39.175358581333512 ], [ -9.042019992428663, 39.189242214356739 ], [ -9.035757784594011, 39.199646674354597 ], [ -9.02916666680818, 39.2 ], [ -9.028813341162731, 39.210757785643352 ], [ -9.02535332459621, 39.214242214306807 ], [ -9.024999999850081, 39.229166666908213 ], [ -9.017022365789501, 39.235045538720669 ], [ -9.016313341187697, 39.244091118610299 ], [ -9.004166666858168, 39.254166666858225 ], [ -9.003505452914283, 39.26160040983109 ], [ -8.997789510377572, 39.263067287725221 ], [ -8.979221937442389, 39.280716619576367 ], [ -8.983338579611711, 39.287043075877307 ], [ -8.990960085739346, 39.29256930822703 ], [ -8.992147403979459, 39.296099375685685 ], [ -8.991617374142436, 39.302972407550612 ], [ -8.989027634217905, 39.309619414604356 ], [ -8.98298000732143, 39.318379550575855 ], [ -8.987853325570484, 39.327424452376647 ], [ -8.993379719798156, 39.332978481871521 ], [ -8.998877136970236, 39.333225837702287 ], [ -9.00659111858522, 39.333686659311923 ], [ -9.012141926708523, 39.339209832168081 ], [ -9.009052191605292, 39.342704773006915 ], [ -9.007594129765209, 39.361725362335676 ], [ -8.997723296892616, 39.3623523984445 ], [ -8.992502509383257, 39.36326480472701 ], [ -8.991414525759694, 39.37301292510648 ], [ -8.987866933212331, 39.379304383390661 ], [ -8.986962460748941, 39.380311632176131 ], [ -8.983944213654468, 39.383362833128274 ], [ -8.979281675808636, 39.38609901056094 ], [ -8.978523763161093, 39.402135044097065 ], [ -8.974999999950001, 39.412499999575346 ], [ -8.968750000412115, 39.416652085825149 ], [ -8.960075548247914, 39.412146673929897 ], [ -8.953257581871867, 39.404790242975366 ], [ -8.940558033126706, 39.40435778328515 ], [ -8.937817814140772, 39.408206901427434 ], [ -8.935338483983799, 39.411989319551481 ], [ -8.933064026583509, 39.418903603318711 ], [ -8.92556728789998, 39.426956176986039 ], [ -8.924297223937685, 39.431751697582854 ], [ -8.917470380353734, 39.443522070387303 ], [ -8.912180824385473, 39.452617984432493 ], [ -8.910761065570682, 39.454681891656037 ], [ -8.904113679902366, 39.46476847278683 ], [ -8.902467582412953, 39.465994022106486 ], [ -8.904733954908068, 39.47574666337789 ], [ -8.896400620991813, 39.489456176861154 ], [ -8.895266045291692, 39.49804382286419 ], [ -8.883900621016778, 39.510289509853067 ], [ -8.882766045316714, 39.518877156755423 ], [ -8.8755672879999, 39.5269561767862 ], [ -8.874149237896972, 39.532482401941365 ], [ -8.866666667132961, 39.537500000224895 ], [ -8.852006361604253, 39.538117642015607 ], [ -8.842403497023724, 39.546450975032542 ], [ -8.831326971862211, 39.542284308973706 ], [ -8.82162746883256, 39.540872531642094 ], [ -8.817284139051708, 39.52716013583165 ], [ -8.81666666633356, 39.516666666333663 ], [ -8.796748860271634, 39.51726514986683 ], [ -8.790451728164669, 39.5339006211168 ], [ -8.785289509902896, 39.532766045416736 ], [ -8.777210489872175, 39.525567288099921 ], [ -8.750000000399666, 39.525000000249861 ], [ -8.746368919290148, 39.528762162943508 ], [ -8.745447525183067, 39.530246041621581 ], [ -8.746400621291571, 39.543877156705491 ], [ -8.753599378608385, 39.556122843694311 ], [ -8.754733954308506, 39.563350084338992 ], [ -8.749080404037386, 39.570129055211794 ], [ -8.738387383071199, 39.571541849676692 ], [ -8.727424452176706, 39.582980008420691 ], [ -8.719091119159771, 39.58714667358015 ], [ -8.708333334415784, 39.587500000124976 ], [ -8.697546726400276, 39.587145826418805 ], [ -8.692019992228836, 39.581591118835092 ], [ -8.69166666658333, 39.575000000149942 ], [ -8.683900621416512, 39.568877156655503 ], [ -8.676698953893549, 39.566349227135163 ], [ -8.672011140601626, 39.565369057835824 ], [ -8.671251637952707, 39.562432628363183 ], [ -8.66054382313888, 39.550567288049933 ], [ -8.656122843194623, 39.549432712349869 ], [ -8.639710490146967, 39.5339006211168 ], [ -8.63090888104, 39.533686658912245 ], [ -8.623257785418389, 39.541313340638226 ], [ -8.616666666733238, 39.541666666283675 ], [ -8.611649238421592, 39.553315734933278 ], [ -8.604749551550526, 39.555086432592816 ], [ -8.596400621591386, 39.564456176711246 ], [ -8.595124986328983, 39.574112616603998 ], [ -8.589456176361409, 39.575567288 ], [ -8.580103895278512, 39.58390062101688 ], [ -8.571579996819366, 39.57859937925798 ], [ -8.564710490296818, 39.582766045316816 ], [ -8.551956176436363, 39.58390062101688 ], [ -8.535289510402549, 39.592233954933135 ], [ -8.526535372909109, 39.600034247182805 ], [ -8.521400620841916, 39.593877156605572 ], [ -8.520833332991856, 39.579166667108041 ], [ -8.501956177435602, 39.57859937925798 ], [ -8.493877157404825, 39.571400621041903 ], [ -8.481122844443689, 39.566099378383683 ], [ -8.473043824412912, 39.558900621066869 ], [ -8.467249552724638, 39.557413567781964 ], [ -8.458900620966858, 39.548043823663591 ], [ -8.457482570863931, 39.542517599407745 ], [ -8.447916666620813, 39.537968784431882 ], [ -8.417657131871067, 39.536880832284623 ], [ -8.413067288024877, 39.531377156730457 ], [ -8.412145657396138, 39.518380228264959 ], [ -8.401742215430829, 39.512146674629378 ], [ -8.394091118909955, 39.504519992004077 ], [ -8.366666666333515, 39.504166666358628 ], [ -8.366010877999599, 39.496793111413012 ], [ -8.354827881201686, 39.49076707633958 ], [ -8.353510878024565, 39.4759597784211 ], [ -8.347349718015039, 39.470821804083016 ], [ -8.340815904130636, 39.482482401141965 ], [ -8.333333333366568, 39.483333333366716 ], [ -8.333333333366568, 39.470833333391681 ], [ -8.329635280643629, 39.464583332954533 ], [ -8.332864719131464, 39.460416666895696 ], [ -8.328315904155602, 39.450850931725199 ], [ -8.321541679904556, 39.449112616853824 ], [ -8.32026604644085, 39.439456176961073 ], [ -8.315747070071154, 39.429749552200121 ], [ -8.306377156880217, 39.421400621341661 ], [ -8.292626613627249, 39.420177375185744 ], [ -8.286649238171776, 39.409184264841997 ], [ -8.278902181290562, 39.407196215433032 ], [ -8.288067288274704, 39.392413331410182 ], [ -8.28682624003892, 39.380063036180218 ], [ -8.27974955220003, 39.378246901173611 ], [ -8.27140062134157, 39.368877156155861 ], [ -8.270266045641449, 39.351956177135946 ], [ -8.26666666743273, 39.345833333641508 ], [ -8.246748859572165, 39.345234850108284 ], [ -8.244865586577532, 39.337895880390647 ], [ -8.239710490047059, 39.333900622415854 ], [ -8.230086262970588, 39.332629055686425 ], [ -8.220833333591429, 39.31666666673334 ], [ -8.210757785343446, 39.31285332542069 ], [ -8.192290242200897, 39.311590745616456 ], [ -8.19075758159704, 39.296456909259007 ], [ -8.168622843269532, 39.295266045891367 ], [ -8.160543823238811, 39.288067287675233 ], [ -8.145833333741336, 39.287499999825172 ], [ -8.14640062159134, 39.281122843344576 ], [ -8.152293181085383, 39.274024218343072 ], [ -8.155710325171299, 39.266664514755576 ], [ -8.155268758046702, 39.261969997917106 ], [ -8.155342231758539, 39.260400913871138 ], [ -8.153561069587624, 39.256984600758756 ], [ -8.153695361751488, 39.248361409951144 ], [ -8.157018514992444, 39.246276942427016 ], [ -8.159598929846709, 39.243292907341868 ], [ -8.16289418341978, 39.238959928757765 ], [ -8.163350762028017, 39.234184265191743 ], [ -8.178770616071006, 39.228198919944248 ], [ -8.182862624010852, 39.223565505743522 ], [ -8.184206668003299, 39.218619703936213 ], [ -8.187499999725162, 39.21249999997508 ], [ -8.193877156205758, 39.211932712125019 ], [ -8.201956177135798, 39.204733954808205 ], [ -8.214456177110833, 39.196400620892007 ], [ -8.220807237064264, 39.19557117167227 ], [ -8.224818186410118, 39.19424000866951 ], [ -8.228549074280295, 39.18860812666378 ], [ -8.230012579716742, 39.186455039068846 ], [ -8.232979462032517, 39.183285704072034 ], [ -8.235855692686016, 39.181606873958117 ], [ -8.237989532990525, 39.181266316887047 ], [ -8.248043823063938, 39.174432712199973 ], [ -8.260405137686917, 39.162959798256111 ], [ -8.264456177010914, 39.166099379183038 ], [ -8.278083542821207, 39.16735742910214 ], [ -8.28528456283226, 39.166841880148695 ], [ -8.288506995601324, 39.164158280680169 ], [ -8.29445849576291, 39.162307520875459 ], [ -8.303197221574464, 39.154590461780458 ], [ -8.32026604644085, 39.135543823588648 ], [ -8.321298291882613, 39.127766625029778 ], [ -8.323680398131842, 39.124828515623562 ], [ -8.328341760563774, 39.122084916985386 ], [ -8.334029592991271, 39.113830184715312 ], [ -8.341234407242041, 39.111016164664306 ], [ -8.34251864631841, 39.102373239133726 ], [ -8.342319945608949, 39.100334102836655 ], [ -8.343408987734563, 39.100727599399249 ], [ -8.347789509877941, 39.096400621091846 ], [ -8.360289509852976, 39.092233954133746 ], [ -8.383333333266648, 39.091666666283686 ], [ -8.384236992742956, 39.083978949369055 ], [ -8.397789509778022, 39.071400621141777 ], [ -8.402210489722279, 39.070266045441713 ], [ -8.418622843669255, 39.0547339542087 ], [ -8.428279283562063, 39.053458319845618 ], [ -8.430134413172595, 39.046229383978925 ], [ -8.435289509703068, 39.042233954233666 ], [ -8.443877156605424, 39.041099379432865 ], [ -8.456122843594301, 39.029733954258631 ], [ -8.477424451776983, 39.028813340763122 ], [ -8.487500000024909, 39.025000000349792 ], [ -8.48823513464373, 39.017469957072933 ], [ -8.49783969444627, 39.008950806134862 ], [ -8.512386067562943, 39.003008015907255 ], [ -8.516049194214872, 38.997993638995297 ], [ -8.51752828040577, 38.987830946441079 ], [ -8.528474595426189, 38.98233981642943 ], [ -8.52987230106578, 38.963307020602599 ], [ -8.543673028287571, 38.958950805335462 ], [ -8.557346937611044, 38.957616170050244 ], [ -8.558333332916959, 38.954166666558478 ], [ -8.573043823313753, 38.954733954408539 ], [ -8.576956176386375, 38.957766045666517 ], [ -8.602210490221921, 38.958900621366638 ], [ -8.606122843294543, 38.961932711725296 ], [ -8.627210490171933, 38.963067288324737 ], [ -8.634079996694425, 38.967233954383516 ], [ -8.63945617716081, 38.963067288324737 ], [ -8.646579996669459, 38.961932711725296 ], [ -8.651956177135844, 38.966099378683452 ], [ -8.668877156155759, 38.967233954383516 ], [ -8.681122843144635, 38.974432712599651 ], [ -8.693877157005147, 38.975567288299771 ], [ -8.701956177035868, 38.982766045616586 ], [ -8.710289510052803, 38.986932712574685 ], [ -8.718877156955159, 38.988067288274806 ], [ -8.72831590425551, 38.992517428736392 ], [ -8.729519992153882, 38.998257785168676 ], [ -8.737146673879863, 39.005908881689606 ], [ -8.737853326070081, 39.01075778514371 ], [ -8.747902425256655, 39.020834010581154 ], [ -8.755908881689493, 39.012853326020206 ], [ -8.764213053289723, 39.012146674729308 ], [ -8.768408881664527, 39.016313340788088 ], [ -8.79754638715599, 39.017019992079042 ], [ -8.801742214631474, 39.012853326020206 ], [ -8.830879720122937, 39.012853326020206 ], [ -8.835075547598422, 39.008686659062107 ], [ -8.851742215430875, 39.000353326045229 ], [ -8.859551690657952, 38.999819198896944 ], [ -8.864924451901913, 38.999646673854954 ], [ -8.876742213582247, 38.992019992128974 ], [ -8.900000000099851, 38.991666665584205 ], [ -8.908686658762235, 38.97257554782334 ], [ -8.916313341387536, 38.964924452201785 ], [ -8.920480007446315, 38.95659111828553 ], [ -8.92118665873727, 38.947575547873271 ], [ -8.949645318176863, 38.919117567421836 ], [ -8.95, 38.912499999675276 ], [ -8.960757785643239, 38.912146674029827 ], [ -8.969982570738978, 38.909184095869364 ], [ -8.975567287800061, 38.923043823113971 ], [ -8.985351444013872, 38.933585760674362 ], [ -8.991121236156062, 38.937595599357451 ], [ -8.994908213842962, 38.941157218630792 ], [ -8.996121865131897, 38.940420131583835 ] ] ] } },
{ "type": "Feature", "properties": { "pfaf_id": 231602, "province": "Castelo Branco", "area_km2": 5055.7, "bws_score": 2.433, "pvout": 1542.0, "solar_norm": 0.751, "water_stress_norm": 0.487, "viability": 0.386, "lon": -8.022, "lat": 39.9913, "runoff_mm": 479.0, "avail_m3_yr": 2383207887.0, "avail_Mm3_yr": 2383.2, "bws_monthly": [ 0.114, 0.187, 0.0, 0.218, 0.69, 2.418, 3.325, 3.234, 2.82, 1.79, 1.075, 0.614 ], "coastal": true }, "geometry": { "type": "Polygon", "coordinates": [ [ [ -8.697546726400276, 39.587145826418805 ], [ -8.708333334415784, 39.587500000124976 ], [ -8.70868665916197, 39.61075778574326 ], [ -8.712853326120069, 39.618379550875602 ], [ -8.708347914224817, 39.622916666570973 ], [ -8.712146673929794, 39.62674221438175 ], [ -8.712853326120069, 39.639924451752108 ], [ -8.720480007846049, 39.647575548272982 ], [ -8.720833332592179, 39.65416666695819 ], [ -8.714924452201672, 39.657980007371521 ], [ -8.69166666658333, 39.658333333016969 ], [ -8.691313340937882, 39.66492445170212 ], [ -8.687499999625231, 39.670833332992004 ], [ -8.676742214881244, 39.671186660436092 ], [ -8.66909111836037, 39.678813341262753 ], [ -8.645906501583738, 39.679726210696117 ], [ -8.642321553896522, 39.685071035400028 ], [ -8.641007910586552, 39.686552810563796 ], [ -8.638810337127325, 39.687742931091464 ], [ -8.636809358165294, 39.689584222833673 ], [ -8.634352895069981, 39.693889766699442 ], [ -8.633713120963705, 39.696150311587644 ], [ -8.629733954558333, 39.701956176436454 ], [ -8.625468613985277, 39.714583333354199 ], [ -8.632766045816311, 39.726956176386466 ], [ -8.633900622415752, 39.738350083989246 ], [ -8.628247070345992, 39.745129055761367 ], [ -8.618622843269577, 39.746400621591476 ], [ -8.608956909233939, 39.75090925395898 ], [ -8.607709757299403, 39.774090745591479 ], [ -8.599396506143819, 39.778743377405021 ], [ -8.589014234219462, 39.779063014446592 ], [ -8.58483122208321, 39.779409947710974 ], [ -8.576745926583214, 39.783986019339352 ], [ -8.573372887948381, 39.786935768670844 ], [ -8.565685165637831, 39.791692012276599 ], [ -8.564103142146223, 39.79207471427668 ], [ -8.556709677109836, 39.791868259612556 ], [ -8.55189708558197, 39.795414161434451 ], [ -8.54598439926059, 39.798047276560624 ], [ -8.540470257396407, 39.803360435235959 ], [ -8.529654919638801, 39.81509753941998 ], [ -8.525100807656088, 39.821521527196751 ], [ -8.525353325595461, 39.827424452276716 ], [ -8.532980007321441, 39.835075547898271 ], [ -8.52951999255356, 39.843408880915149 ], [ -8.528813341262662, 39.860757785243663 ], [ -8.525353325595461, 39.864242214806438 ], [ -8.524646674304506, 39.877424452176797 ], [ -8.520847913700209, 39.881249999987574 ], [ -8.525353325595461, 39.889924452151774 ], [ -8.54131334123764, 39.905908881689584 ], [ -8.541666666883145, 39.92083333339167 ], [ -8.536649237672123, 39.928315735083174 ], [ -8.529905531015402, 39.930046421005557 ], [ -8.529964531937537, 39.946847533886626 ], [ -8.528072459975988, 39.957557109572974 ], [ -8.518698459366362, 39.958976067091896 ], [ -8.497968207566657, 39.970190600415947 ], [ -8.47994147431956, 39.971572537342752 ], [ -8.478421698302668, 39.986469861894648 ], [ -8.472542995562776, 39.98714192705836 ], [ -8.466313341387547, 39.976742214581577 ], [ -8.458686658762247, 39.969091118960023 ], [ -8.457975260849537, 39.964209831818323 ], [ -8.452082654590811, 39.958346557847392 ], [ -8.435757785793157, 39.974646674604401 ], [ -8.427424451876902, 39.97881334066318 ], [ -8.416099378383535, 39.981122843744288 ], [ -8.400567288049842, 39.964710489797312 ], [ -8.399345228099776, 39.950973002002513 ], [ -8.392625126848088, 39.944764469304857 ], [ -8.383994547210534, 39.940767076339569 ], [ -8.383333333266648, 39.933333333366704 ], [ -8.370589945269728, 39.933351593201508 ], [ -8.368817209746396, 39.933659480600625 ], [ -8.362811744866065, 39.935116417388826 ], [ -8.358191458069314, 39.939231652119076 ], [ -8.356893995361531, 39.941519337647378 ], [ -8.348277625012315, 39.94654561259 ], [ -8.344464422195301, 39.95013641756168 ], [ -8.335075547698295, 39.950353325945287 ], [ -8.325354004083977, 39.960048760442021 ], [ -8.324999555185286, 39.972079919552698 ], [ -8.325906855117239, 39.972772246442048 ], [ -8.318700842070143, 39.975303085269218 ], [ -8.315936207389996, 39.986593230892936 ], [ -8.311685153447002, 39.987732926433466 ], [ -8.305520317008984, 39.996519094180883 ], [ -8.300617472218505, 40.006173197635007 ], [ -8.299382527681473, 40.014660135756685 ], [ -8.288117472243528, 40.02700653062692 ], [ -8.28271586074834, 40.039660135706754 ], [ -8.271350622633065, 40.049328752420024 ], [ -8.256173027962802, 40.05061764189071 ], [ -8.254106798689747, 40.052730653896617 ], [ -8.249412696438753, 40.054549249448371 ], [ -8.246569793760955, 40.057539608566117 ], [ -8.242454132751959, 40.064757576301133 ], [ -8.241958528063549, 40.067179765333947 ], [ -8.233860202286451, 40.066904767041422 ], [ -8.227686253917454, 40.063446448394927 ], [ -8.205049403407202, 40.062932680099152 ], [ -8.195493749636796, 40.069430454551878 ], [ -8.190709235842519, 40.074068871681163 ], [ -8.17952440083036, 40.085046216909461 ], [ -8.172685411902194, 40.08715128970033 ], [ -8.164714931948481, 40.083889806569346 ], [ -8.162601564710371, 40.082967589582665 ], [ -8.158711603857398, 40.077967152162387 ], [ -8.153997782171871, 40.075275061295088 ], [ -8.139242215056129, 40.07535332569546 ], [ -8.127424451577156, 40.087146674379596 ], [ -8.11909111856022, 40.091313341337695 ], [ -8.101742214231763, 40.092019992628593 ], [ -8.097546386756278, 40.096186658687429 ], [ -8.089242214256728, 40.095480007396475 ], [ -8.081591118635174, 40.087853325670494 ], [ -8.058333333016833, 40.087500000025045 ], [ -8.057645331866524, 40.099190605661988 ], [ -8.047839694446282, 40.100617472718227 ], [ -8.035493638620494, 40.111882527256853 ], [ -7.991666667082995, 40.112499999975057 ], [ -7.98528950970308, 40.111932712124997 ], [ -7.975937228620182, 40.103599379108118 ], [ -7.955154079597037, 40.10478956438692 ], [ -7.949032254135147, 40.116270616295935 ], [ -7.943877156705355, 40.120266045141932 ], [ -7.921839226798852, 40.121451822843426 ], [ -7.913067288124807, 40.13112284344453 ], [ -7.911590746116019, 40.13687642440749 ], [ -7.889456176861017, 40.138067287775186 ], [ -7.876956176885983, 40.142233954733285 ], [ -7.871579996419655, 40.146400620792065 ], [ -7.856377156880228, 40.145266045091944 ], [ -7.847789509977872, 40.146400620792065 ], [ -7.838145785599465, 40.150903659376411 ], [ -7.825567288299681, 40.164456176411477 ], [ -7.824291483964771, 40.174112616304228 ], [ -7.808087752048095, 40.182276781448365 ], [ -7.803811478416947, 40.18818406374362 ], [ -7.800125405562994, 40.193959374125882 ], [ -7.798219275399219, 40.196759883661741 ], [ -7.794422135373225, 40.203083122188389 ], [ -7.784151933364967, 40.209802751295967 ], [ -7.779821438708382, 40.21347283240533 ], [ -7.777797917339967, 40.233272535898891 ], [ -7.773254145762166, 40.23632437626901 ], [ -7.757638374411385, 40.235040341338731 ], [ -7.75491332968636, 40.23276604581639 ], [ -7.741249187000335, 40.235736818599378 ], [ -7.739382166553696, 40.236487843339376 ], [ -7.735654554913708, 40.236980260830421 ], [ -7.733127218046604, 40.237652290021231 ], [ -7.729583487188108, 40.24163195644968 ], [ -7.727984325316299, 40.244920743897239 ], [ -7.722789510227642, 40.246400620592226 ], [ -7.716088122968472, 40.252908890133199 ], [ -7.711484565360365, 40.2578148843495 ], [ -7.706995406013107, 40.26180835087473 ], [ -7.70533323943738, 40.26236066411343 ], [ -7.696057323386697, 40.264702220830884 ], [ -7.685762118426965, 40.270158380704743 ], [ -7.661989500614936, 40.270938830362809 ], [ -7.655199193787723, 40.274681365352762 ], [ -7.649927703400749, 40.277661302227386 ], [ -7.647735240788677, 40.279331374743208 ], [ -7.644146005133962, 40.282705029413648 ], [ -7.64290283000156, 40.283522702910489 ], [ -7.636219173775828, 40.286930712582375 ], [ -7.632396846437246, 40.28975510631318 ], [ -7.630815225841957, 40.292018928330947 ], [ -7.628753707217754, 40.294577769348621 ], [ -7.626963962816603, 40.295704552423217 ], [ -7.618158345431254, 40.305123577591075 ], [ -7.61666412275099, 40.311919060016635 ], [ -7.616666666933099, 40.320833332592258 ], [ -7.613060654425624, 40.321803481645418 ], [ -7.612853325620449, 40.335757785193664 ], [ -7.616666666933099, 40.345833333441647 ], [ -7.611600409930929, 40.357672118573475 ], [ -7.596732923985201, 40.35899454736051 ], [ -7.588399590069002, 40.363161214318666 ], [ -7.583802117273819, 40.372916666870708 ], [ -7.587031215817888, 40.377083332929544 ], [ -7.582937452401438, 40.382365587302047 ], [ -7.571437412206762, 40.388503012404158 ], [ -7.570833333091798, 40.404166666358606 ], [ -7.565698920069053, 40.41210394963764 ], [ -7.552210489622325, 40.420266045441679 ], [ -7.53945617666119, 40.4214006211418 ], [ -7.535543823588569, 40.424432712399835 ], [ -7.509331088758699, 40.425610351236799 ], [ -7.503279283612017, 40.436791652812587 ], [ -7.493622843719209, 40.438067288074933 ], [ -7.481261359124403, 40.449540202018738 ], [ -7.468738639576486, 40.442126463565501 ], [ -7.45637715678032, 40.453599378408626 ], [ -7.447789509877907, 40.454733955008066 ], [ -7.43843722879501, 40.463067288025002 ], [ -7.434023878699008, 40.461476643632238 ], [ -7.432624816881741, 40.450887383745794 ], [ -7.426956176885994, 40.449432712349846 ], [ -7.417603895803097, 40.441099378433648 ], [ -7.410543822939019, 40.445266045391747 ], [ -7.392645771884816, 40.446466064757146 ], [ -7.386580234090502, 40.45775044842452 ], [ -7.377210489972072, 40.46609937838366 ], [ -7.372575547823203, 40.466313340588272 ], [ -7.364924452201649, 40.458686658862291 ], [ -7.356591118285451, 40.454519992803455 ], [ -7.342517598808115, 40.459184094570332 ], [ -7.332482401341679, 40.482482570913987 ], [ -7.326956177085833, 40.483900621016915 ], [ -7.313488091102499, 40.496400620991892 ], [ -7.304166666658318, 40.491666667083052 ], [ -7.296774123426985, 40.486970350701199 ], [ -7.285581631586979, 40.491137016759978 ], [ -7.276918368787619, 40.492196317406183 ], [ -7.271774122577654, 40.496362982565643 ], [ -7.263440789560718, 40.491137016759978 ], [ -7.257576666629802, 40.499045816711146 ], [ -7.246933492386745, 40.508862983439997 ], [ -7.234410942810712, 40.507727728751718 ], [ -7.22955847804127, 40.502088419245183 ], [ -7.233862813218195, 40.496773952955607 ], [ -7.232803853415078, 40.489418538234986 ], [ -7.225529480201317, 40.477248128098665 ], [ -7.22499999985007, 40.458333333216785 ], [ -7.237499999825104, 40.437500000224873 ], [ -7.22528923890718, 40.436679417421203 ], [ -7.219869147243287, 40.425964355870406 ], [ -7.211857266099912, 40.423552110641424 ], [ -7.213142735448855, 40.414531792708146 ], [ -7.216843329655887, 40.409312608690016 ], [ -7.206198289319559, 40.407690429569698 ], [ -7.197968377438599, 40.400642904046833 ], [ -7.192630853431069, 40.399035644679316 ], [ -7.19041680259329, 40.391681925180762 ], [ -7.183655123884819, 40.396476237088734 ], [ -7.175356546967009, 40.394865248232691 ], [ -7.167309400708234, 40.385468207891506 ], [ -7.165895250065716, 40.371604750259053 ], [ -7.158333333016856, 40.370833333391658 ], [ -7.158952500957128, 40.359323798154833 ], [ -7.17083333299189, 40.350000000399746 ], [ -7.155882094083324, 40.349645995766139 ], [ -7.146186658687327, 40.33992445215182 ], [ -7.145475599819008, 40.335045708292853 ], [ -7.131591118735116, 40.321186659137084 ], [ -7.127044338925032, 40.321488782781159 ], [ -7.117248195647676, 40.329822116697358 ], [ -7.104384358751133, 40.32829454175976 ], [ -7.099282773681011, 40.316093335239259 ], [ -7.098841096839124, 40.312847063241406 ], [ -7.088155449414387, 40.297955661624542 ], [ -7.08834131140236, 40.292659146702306 ], [ -7.087953915840501, 40.288551095756532 ], [ -7.086233123359932, 40.280013658003952 ], [ -7.08489108125832, 40.279468681434537 ], [ -7.079734574590873, 40.278747866720721 ], [ -7.073578872566884, 40.278866544855191 ], [ -7.056780375813673, 40.278555763437794 ], [ -7.054871895721362, 40.278906687893368 ], [ -7.047916666720766, 40.275627983644597 ], [ -7.04423816435974, 40.278769544878628 ], [ -7.036334863762931, 40.279631736615386 ], [ -7.03422551559504, 40.279122757209507 ], [ -7.030674210646282, 40.278466228733521 ], [ -7.02626071486003, 40.275053235918165 ], [ -7.019344414812849, 40.288155449814212 ], [ -7.009186531832938, 40.287145147830358 ], [ -7.008333333316614, 40.283333333566532 ], [ -7.011649238021846, 40.282482571313665 ], [ -7.013123575792349, 40.267575751719619 ], [ -7.029733954158587, 40.260289510152802 ], [ -7.041099378433501, 40.248043823163982 ], [ -7.042566257226952, 40.242327880627215 ], [ -7.056377156680412, 40.241099378833326 ], [ -7.070086670163676, 40.23276604581639 ], [ -7.077083333628877, 40.23703138459075 ], [ -7.086688910564703, 40.234340074335023 ], [ -7.088467746189508, 40.241270616046165 ], [ -7.095086670113687, 40.246400620592226 ], [ -7.112103949437653, 40.24069892061874 ], [ -7.117233954883091, 40.234079996694561 ], [ -7.11609937918297, 40.222789510227756 ], [ -7.111932712224871, 40.217413329761428 ], [ -7.120250447400167, 40.211580403412938 ], [ -7.128599379157947, 40.202210490222001 ], [ -7.129166667008008, 40.187499999825206 ], [ -7.139212035806736, 40.199644300843886 ], [ -7.168379550775626, 40.199646674154735 ], [ -7.172575548222937, 40.203813341112834 ], [ -7.201742214231729, 40.203813341112834 ], [ -7.252210490221898, 40.204733954608344 ], [ -7.263488091202419, 40.208900621566499 ], [ -7.276956177185809, 40.196400621591465 ], [ -7.289456177160787, 40.191099378933245 ], [ -7.300746663627592, 40.192233954633366 ], [ -7.306122843194601, 40.18806728767521 ], [ -7.321579996619505, 40.186932711975146 ], [ -7.327083333129281, 40.191198053447465 ], [ -7.335543823088926, 40.186932711975146 ], [ -7.349096510095819, 40.174354383747868 ], [ -7.353697882351355, 40.164583333354187 ], [ -7.349432711750183, 40.153420002930829 ], [ -7.354733954408402, 40.145086669913951 ], [ -7.349432711750183, 40.134548272085169 ], [ -7.36028951005278, 40.129733954758251 ], [ -7.373043823013973, 40.12859937905813 ], [ -7.387500000424609, 40.120833332991992 ], [ -7.402424452126695, 40.121186660436081 ], [ -7.40590888168947, 40.124646674304643 ], [ -7.423257785118665, 40.124646674304643 ], [ -7.42674221468144, 40.121186660436081 ], [ -7.435757785093642, 40.120480007346487 ], [ -7.439242214656417, 40.117019992578662 ], [ -7.452424452026776, 40.116313341287707 ], [ -7.455908881589551, 40.112853325620506 ], [ -7.469091118959909, 40.112146674329608 ], [ -7.472575547623364, 40.108686658662407 ], [ -7.485757784993723, 40.10381334131273 ], [ -7.508333333216683, 40.104166666958179 ], [ -7.514242215405886, 40.096186658687429 ], [ -7.524646675403687, 40.089924451752097 ], [ -7.525000000149817, 40.07916666700811 ], [ -7.539924451851903, 40.078813341362661 ], [ -7.543408881414678, 40.07535332569546 ], [ -7.564924451801971, 40.074646674404562 ], [ -7.568408881364746, 40.071186658737361 ], [ -7.576712883892412, 40.078811815213157 ], [ -7.589924451751983, 40.079519992653616 ], [ -7.593408881314758, 40.08298000742144 ], [ -7.622546216834394, 40.083686658712395 ], [ -7.626742214281705, 40.079519992653616 ], [ -7.648257785568319, 40.078813341362661 ], [ -7.651742214231774, 40.07535332569546 ], [ -7.660757786442616, 40.074646674404562 ], [ -7.670475599669146, 40.064955139368237 ], [ -7.671186659436728, 40.060075548347925 ], [ -7.693379550625707, 40.037857564275214 ], [ -7.69825778456908, 40.037146673580196 ], [ -7.707975599594192, 40.027455139443191 ], [ -7.71576707668919, 40.024338786206044 ], [ -7.717270066860067, 40.005186293312818 ], [ -7.726956177185798, 39.996400621091823 ], [ -7.73293745210168, 39.994865587177173 ], [ -7.738350931949924, 39.984184264592216 ], [ -7.744982401416621, 39.982482401941354 ], [ -7.746801079706017, 39.975395880915244 ], [ -7.757482401391655, 39.96998240196632 ], [ -7.759184264941837, 39.963350931600246 ], [ -7.766270785967947, 39.961532253310907 ], [ -7.77083333359144, 39.950000000299838 ], [ -7.786586676933553, 39.949392530740738 ], [ -7.79206254724869, 39.938467746389449 ], [ -7.801956177035891, 39.933900621216765 ], [ -7.811791483989737, 39.93244594982076 ], [ -7.813067288324646, 39.922789509928009 ], [ -7.817233954383425, 39.910289509952975 ], [ -7.836580234090491, 39.895250447750016 ], [ -7.838067288274715, 39.889456176961062 ], [ -7.845266045591472, 39.881377156930284 ], [ -7.850899590443703, 39.867327879578056 ], [ -7.858333333416567, 39.86666666743281 ], [ -7.857980007771118, 39.855908880890183 ], [ -7.854519992103917, 39.852424452226728 ], [ -7.854166665559148, 39.833333333566543 ], [ -7.860543822939007, 39.832766045716482 ], [ -7.872789509927884, 39.821400621441569 ], [ -7.878458149923631, 39.819945950045621 ], [ -7.879875182893329, 39.809220717162418 ], [ -7.885543822889076, 39.807766045766471 ], [ -7.894913567906769, 39.799417114008634 ], [ -7.896684265566364, 39.792517598908091 ], [ -7.906122843794151, 39.788067287575302 ], [ -7.918877156755343, 39.786932711875181 ], [ -7.932737562088789, 39.77815670466822 ], [ -7.93333333326666, 39.75833333371645 ], [ -7.974240112591076, 39.757664489924309 ], [ -7.975642733924985, 39.741344875865366 ], [ -7.973065735595185, 39.73785816921918 ], [ -7.971476067866206, 39.735468377363759 ], [ -7.970190599416583, 39.716032918184681 ], [ -7.979592048234394, 39.705054218577402 ], [ -7.989635043722217, 39.703523932183771 ], [ -8.006198290418695, 39.696476067616459 ], [ -8.022968376689164, 39.695190599166892 ], [ -8.037285048566105, 39.686033684107315 ], [ -8.043698289444478, 39.679809400683325 ], [ -8.05720414605446, 39.674085038693647 ], [ -8.058354978799173, 39.672453581267803 ], [ -8.066009082653011, 39.668085403218811 ], [ -8.066010708627232, 39.663459778046388 ], [ -8.06054382343865, 39.65890062086703 ], [ -8.047789509578138, 39.657766045166909 ], [ -8.043877157404836, 39.654733954808194 ], [ -8.030066257052056, 39.653505452114985 ], [ -8.025000000049943, 39.645833333041935 ], [ -8.032980007421372, 39.639924451752108 ], [ -8.03368665871227, 39.62257554832297 ], [ -8.037858073191501, 39.614209833417135 ], [ -8.043408881314747, 39.608686658762338 ], [ -8.069119601988007, 39.607979329382601 ], [ -8.08090888123985, 39.596186658787303 ], [ -8.089924451652053, 39.595480006597086 ], [ -8.093408881214827, 39.592019992728524 ], [ -8.126742215081094, 39.591313341437626 ], [ -8.156591117585947, 39.592019992728524 ], [ -8.164242215006198, 39.599646673555185 ], [ -8.170833333691348, 39.600000000099953 ], [ -8.171653917394337, 39.591955905240866 ], [ -8.183356730428727, 39.586238436554652 ], [ -8.186857095978155, 39.581301710705418 ], [ -8.188271416592556, 39.567438083101081 ], [ -8.202424452326568, 39.566313340588238 ], [ -8.205908880990023, 39.562853325820356 ], [ -8.23924221485629, 39.546186658887223 ], [ -8.244091118310394, 39.545480007596325 ], [ -8.251742214831324, 39.537853325870344 ], [ -8.260075547848203, 39.533686658912245 ], [ -8.276713053364688, 39.53298000762129 ], [ -8.285047742559243, 39.537853325870344 ], [ -8.291308594216218, 39.531623501723288 ], [ -8.291099378633362, 39.518622843769265 ], [ -8.286932712574583, 39.513246663302937 ], [ -8.288749864714418, 39.508510674228262 ], [ -8.30195617693596, 39.500567288149853 ], [ -8.314456176910994, 39.496400621191754 ], [ -8.324112616803802, 39.495124816856844 ], [ -8.325967746414335, 39.487895880990152 ], [ -8.333333333366568, 39.483333333366716 ], [ -8.340815904130636, 39.482482401141965 ], [ -8.347349718015039, 39.470821804083016 ], [ -8.353510878024565, 39.4759597784211 ], [ -8.354827881201686, 39.49076707633958 ], [ -8.366010877999599, 39.496793111413012 ], [ -8.366666666333515, 39.504166666358628 ], [ -8.394091118909955, 39.504519992004077 ], [ -8.401742215430829, 39.512146674629378 ], [ -8.412145657396138, 39.518380228264959 ], [ -8.413067288024877, 39.531377156730457 ], [ -8.417657131871067, 39.536880832284623 ], [ -8.447916666620813, 39.537968784431882 ], [ -8.457482570863931, 39.542517599407745 ], [ -8.458900620966858, 39.548043823663591 ], [ -8.467249552724638, 39.557413567781964 ], [ -8.473043824412912, 39.558900621066869 ], [ -8.481122844443689, 39.566099378383683 ], [ -8.493877157404825, 39.571400621041903 ], [ -8.501956177435602, 39.57859937925798 ], [ -8.520833332991856, 39.579166667108041 ], [ -8.521400620841916, 39.593877156605572 ], [ -8.526535372909109, 39.600034247182805 ], [ -8.535289510402549, 39.592233954933135 ], [ -8.551956176436363, 39.58390062101688 ], [ -8.564710490296818, 39.582766045316816 ], [ -8.571579996819366, 39.57859937925798 ], [ -8.580103895278512, 39.58390062101688 ], [ -8.589456176361409, 39.575567288 ], [ -8.595124986328983, 39.574112616603998 ], [ -8.596400621591386, 39.564456176711246 ], [ -8.604749551550526, 39.555086432592816 ], [ -8.611649238421592, 39.553315734933278 ], [ -8.616666666733238, 39.541666666283675 ], [ -8.623257785418389, 39.541313340638226 ], [ -8.63090888104, 39.533686658912245 ], [ -8.639710490146967, 39.5339006211168 ], [ -8.656122843194623, 39.549432712349869 ], [ -8.66054382313888, 39.550567288049933 ], [ -8.671251637952707, 39.562432628363183 ], [ -8.672011140601626, 39.565369057835824 ], [ -8.676698953893549, 39.566349227135163 ], [ -8.683900621416512, 39.568877156655503 ], [ -8.69166666658333, 39.575000000149942 ], [ -8.692019992228836, 39.581591118835092 ], [ -8.697546726400276, 39.587145826418805 ] ] ] } },
{ "type": "Feature", "properties": { "pfaf_id": 231603, "province": "Castelo Branco", "area_km2": 6433.4, "bws_score": 0.0, "pvout": 1571.0, "solar_norm": 0.849, "water_stress_norm": 0.0, "viability": 0.849, "lon": -7.4533, "lat": 39.7825, "runoff_mm": 456.0, "avail_m3_yr": 2887024809.0, "avail_Mm3_yr": 2887.0, "bws_monthly": [ 0.0, 0.0, 0.0, 0.0, 0.0, 0.033, 0.6, 0.599, 0.468, 0.0, 0.0, 0.0 ], "coastal": false }, "geometry": { "type": "MultiPolygon", "coordinates": [ [ [ [ -8.116851788679071, 39.280305037647395 ], [ -8.116771382992908, 39.284979573348664 ], [ -8.120377731846816, 39.286811311592828 ], [ -8.128585303668785, 39.2872325504419 ], [ -8.133413241228027, 39.287555042831002 ], [ -8.135394854189144, 39.28652394402485 ], [ -8.145833333741336, 39.287499999825172 ], [ -8.160543823238811, 39.288067287675233 ], [ -8.168622843269532, 39.295266045891367 ], [ -8.19075758159704, 39.296456909259007 ], [ -8.192290242200897, 39.311590745616456 ], [ -8.210757785343446, 39.31285332542069 ], [ -8.220833333591429, 39.31666666673334 ], [ -8.230086262970588, 39.332629055686425 ], [ -8.239710490047059, 39.333900622415854 ], [ -8.244865586577532, 39.337895880390647 ], [ -8.246748859572165, 39.345234850108284 ], [ -8.26666666743273, 39.345833333641508 ], [ -8.270266045641449, 39.351956177135946 ], [ -8.27140062134157, 39.368877156155861 ], [ -8.27974955220003, 39.378246901173611 ], [ -8.28682624003892, 39.380063036180218 ], [ -8.288067288274704, 39.392413331410182 ], [ -8.278902181290562, 39.407196215433032 ], [ -8.286649238171776, 39.409184264841997 ], [ -8.292626613627249, 39.420177375185744 ], [ -8.306377156880217, 39.421400621341661 ], [ -8.315747070071154, 39.429749552200121 ], [ -8.32026604644085, 39.439456176961073 ], [ -8.321541679904556, 39.449112616853824 ], [ -8.328315904155602, 39.450850931725199 ], [ -8.332864719131464, 39.460416666895696 ], [ -8.329635280643629, 39.464583332954533 ], [ -8.333333333366568, 39.470833333391681 ], [ -8.333333333366568, 39.483333333366716 ], [ -8.325967746414335, 39.487895880990152 ], [ -8.324112616803802, 39.495124816856844 ], [ -8.314456176910994, 39.496400621191754 ], [ -8.30195617693596, 39.500567288149853 ], [ -8.288749864714418, 39.508510674228262 ], [ -8.286932712574583, 39.513246663302937 ], [ -8.291099378633362, 39.518622843769265 ], [ -8.291308594216218, 39.531623501723288 ], [ -8.285047742559243, 39.537853325870344 ], [ -8.276713053364688, 39.53298000762129 ], [ -8.260075547848203, 39.533686658912245 ], [ -8.251742214831324, 39.537853325870344 ], [ -8.244091118310394, 39.545480007596325 ], [ -8.23924221485629, 39.546186658887223 ], [ -8.205908880990023, 39.562853325820356 ], [ -8.202424452326568, 39.566313340588238 ], [ -8.188271416592556, 39.567438083101081 ], [ -8.186857095978155, 39.581301710705418 ], [ -8.183356730428727, 39.586238436554652 ], [ -8.171653917394337, 39.591955905240866 ], [ -8.170833333691348, 39.600000000099953 ], [ -8.164242215006198, 39.599646673555185 ], [ -8.156591117585947, 39.592019992728524 ], [ -8.126742215081094, 39.591313341437626 ], [ -8.093408881214827, 39.592019992728524 ], [ -8.089924451652053, 39.595480006597086 ], [ -8.08090888123985, 39.596186658787303 ], [ -8.069119601988007, 39.607979329382601 ], [ -8.043408881314747, 39.608686658762338 ], [ -8.037858073191501, 39.614209833417135 ], [ -8.03368665871227, 39.62257554832297 ], [ -8.032980007421372, 39.639924451752108 ], [ -8.025000000049943, 39.645833333041935 ], [ -8.030066257052056, 39.653505452114985 ], [ -8.043877157404836, 39.654733954808194 ], [ -8.047789509578138, 39.657766045166909 ], [ -8.06054382343865, 39.65890062086703 ], [ -8.066010708627232, 39.663459778046388 ], [ -8.066009082653011, 39.668085403218811 ], [ -8.058354978799173, 39.672453581267803 ], [ -8.05720414605446, 39.674085038693647 ], [ -8.043698289444478, 39.679809400683325 ], [ -8.037285048566105, 39.686033684107315 ], [ -8.022968376689164, 39.695190599166892 ], [ -8.006198290418695, 39.696476067616459 ], [ -7.989635043722217, 39.703523932183771 ], [ -7.979592048234394, 39.705054218577402 ], [ -7.970190599416583, 39.716032918184681 ], [ -7.971476067866206, 39.735468377363759 ], [ -7.973065735595185, 39.73785816921918 ], [ -7.975642733924985, 39.741344875865366 ], [ -7.974240112591076, 39.757664489924309 ], [ -7.93333333326666, 39.75833333371645 ], [ -7.932737562088789, 39.77815670466822 ], [ -7.918877156755343, 39.786932711875181 ], [ -7.906122843794151, 39.788067287575302 ], [ -7.896684265566364, 39.792517598908091 ], [ -7.894913567906769, 39.799417114008634 ], [ -7.885543822889076, 39.807766045766471 ], [ -7.879875182893329, 39.809220717162418 ], [ -7.878458149923631, 39.819945950045621 ], [ -7.872789509927884, 39.821400621441569 ], [ -7.860543822939007, 39.832766045716482 ], [ -7.854166665559148, 39.833333333566543 ], [ -7.854519992103917, 39.852424452226728 ], [ -7.857980007771118, 39.855908880890183 ], [ -7.858333333416567, 39.86666666743281 ], [ -7.850899590443703, 39.867327879578056 ], [ -7.845266045591472, 39.881377156930284 ], [ -7.838067288274715, 39.889456176961062 ], [ -7.836580234090491, 39.895250447750016 ], [ -7.817233954383425, 39.910289509952975 ], [ -7.813067288324646, 39.922789509928009 ], [ -7.811791483989737, 39.93244594982076 ], [ -7.801956177035891, 39.933900621216765 ], [ -7.79206254724869, 39.938467746389449 ], [ -7.786586676933553, 39.949392530740738 ], [ -7.77083333359144, 39.950000000299838 ], [ -7.766270785967947, 39.961532253310907 ], [ -7.759184264941837, 39.963350931600246 ], [ -7.757482401391655, 39.96998240196632 ], [ -7.746801079706017, 39.975395880915244 ], [ -7.744982401416621, 39.982482401941354 ], [ -7.738350931949924, 39.984184264592216 ], [ -7.73293745210168, 39.994865587177173 ], [ -7.726956177185798, 39.996400621091823 ], [ -7.717270066860067, 40.005186293312818 ], [ -7.71576707668919, 40.024338786206044 ], [ -7.707975599594192, 40.027455139443191 ], [ -7.69825778456908, 40.037146673580196 ], [ -7.693379550625707, 40.037857564275214 ], [ -7.671186659436728, 40.060075548347925 ], [ -7.670475599669146, 40.064955139368237 ], [ -7.660757786442616, 40.074646674404562 ], [ -7.651742214231774, 40.07535332569546 ], [ -7.648257785568319, 40.078813341362661 ], [ -7.626742214281705, 40.079519992653616 ], [ -7.622546216834394, 40.083686658712395 ], [ -7.593408881314758, 40.08298000742144 ], [ -7.589924451751983, 40.079519992653616 ], [ -7.576712883892412, 40.078811815213157 ], [ -7.568408881364746, 40.071186658737361 ], [ -7.564924451801971, 40.074646674404562 ], [ -7.543408881414678, 40.07535332569546 ], [ -7.539924451851903, 40.078813341362661 ], [ -7.525000000149817, 40.07916666700811 ], [ -7.524646675403687, 40.089924451752097 ], [ -7.514242215405886, 40.096186658687429 ], [ -7.508333333216683, 40.104166666958179 ], [ -7.485757784993723, 40.10381334131273 ], [ -7.472575547623364, 40.108686658662407 ], [ -7.469091118959909, 40.112146674329608 ], [ -7.455908881589551, 40.112853325620506 ], [ -7.452424452026776, 40.116313341287707 ], [ -7.439242214656417, 40.117019992578662 ], [ -7.435757785093642, 40.120480007346487 ], [ -7.42674221468144, 40.121186660436081 ], [ -7.423257785118665, 40.124646674304643 ], [ -7.40590888168947, 40.124646674304643 ], [ -7.402424452126695, 40.121186660436081 ], [ -7.387500000424609, 40.120833332991992 ], [ -7.373043823013973, 40.12859937905813 ], [ -7.36028951005278, 40.129733954758251 ], [ -7.349432711750183, 40.134548272085169 ], [ -7.354733954408402, 40.145086669913951 ], [ -7.349432711750183, 40.153420002930829 ], [ -7.353697882351355, 40.164583333354187 ], [ -7.349096510095819, 40.174354383747868 ], [ -7.335543823088926, 40.186932711975146 ], [ -7.327083333129281, 40.191198053447465 ], [ -7.321579996619505, 40.186932711975146 ], [ -7.306122843194601, 40.18806728767521 ], [ -7.300746663627592, 40.192233954633366 ], [ -7.289456177160787, 40.191099378933245 ], [ -7.276956177185809, 40.196400621591465 ], [ -7.263488091202419, 40.208900621566499 ], [ -7.252210490221898, 40.204733954608344 ], [ -7.201742214231729, 40.203813341112834 ], [ -7.172575548222937, 40.203813341112834 ], [ -7.168379550775626, 40.199646674154735 ], [ -7.139212035806736, 40.199644300843886 ], [ -7.129166667008008, 40.187499999825206 ], [ -7.128599379157947, 40.202210490222001 ], [ -7.120250447400167, 40.211580403412938 ], [ -7.111932712224871, 40.217413329761428 ], [ -7.11609937918297, 40.222789510227756 ], [ -7.117233954883091, 40.234079996694561 ], [ -7.112103949437653, 40.24069892061874 ], [ -7.095086670113687, 40.246400620592226 ], [ -7.088467746189508, 40.241270616046165 ], [ -7.086688910564703, 40.234340074335023 ], [ -7.077083333628877, 40.23703138459075 ], [ -7.070086670163676, 40.23276604581639 ], [ -7.056377156680412, 40.241099378833326 ], [ -7.042566257226952, 40.242327880627215 ], [ -7.041099378433501, 40.248043823163982 ], [ -7.029733954158587, 40.260289510152802 ], [ -7.013123575792349, 40.267575751719619 ], [ -7.011649238021846, 40.282482571313665 ], [ -7.008333333316614, 40.283333333566532 ], [ -7.002424452026787, 40.279519992253881 ], [ -6.993336744295277, 40.279522739682761 ], [ -6.988775285750762, 40.27859053932201 ], [ -6.979686463759265, 40.272683552903686 ], [ -6.972943082657082, 40.270505893132508 ], [ -6.964592109438229, 40.266910229123823 ], [ -6.963356089312015, 40.267272729652802 ], [ -6.961078355681536, 40.266802136909121 ], [ -6.956387262562089, 40.262101459714643 ], [ -6.918622843069727, 40.261932711825239 ], [ -6.913246664401981, 40.257766045766459 ], [ -6.902210490022071, 40.261932711825239 ], [ -6.871329928433397, 40.262790849418195 ], [ -6.883521197445248, 40.258197787797712 ], [ -6.889700649665201, 40.26029014507418 ], [ -6.906885860294153, 40.254322050622193 ], [ -6.919272106822234, 40.255692803580075 ], [ -6.92610884025072, 40.258335109777533 ], [ -6.951343610918855, 40.257469470939384 ], [ -6.954528237987745, 40.24982757358373 ], [ -6.962869762029868, 40.238477707580216 ], [ -6.97322821540979, 40.236997605155409 ], [ -6.977018589836007, 40.240623475592997 ], [ -6.98758411031838, 40.236762999912571 ], [ -6.998377799595744, 40.23519611291033 ], [ -7.012325404094099, 40.225664140987362 ], [ -7.010722160199464, 40.222877499896754 ], [ -7.018943790223716, 40.205741879684069 ], [ -7.019078014938373, 40.197057725633556 ], [ -7.027990962812623, 40.190857188808252 ], [ -7.029754635867732, 40.184480031428336 ], [ -7.017796913596612, 40.17764313881986 ], [ -7.017590452637251, 40.171000481786848 ], [ -7.021545780713154, 40.167778861105603 ], [ -7.015101273105245, 40.159203843382727 ], [ -7.014319717281069, 40.149953935725591 ], [ -7.017115952339282, 40.142560004840391 ], [ -7.015144227424116, 40.136094093367774 ], [ -7.009224104608677, 40.129724119772334 ], [ -7.011655807569412, 40.126544317566243 ], [ -6.999317782689445, 40.120612553026945 ], [ -6.968312022881491, 40.114995955898678 ], [ -6.962869164880033, 40.117061615001603 ], [ -6.953390835718437, 40.115232847218181 ], [ -6.942190966739702, 40.103523256892856 ], [ -6.933582147098377, 40.103154499780373 ], [ -6.930988549981578, 40.095233921408408 ], [ -6.920878885052446, 40.087111473116067 ], [ -6.919037579820383, 40.083013535046632 ], [ -6.917870994550697, 40.067621230835186 ], [ -6.908223867137735, 40.066581725166543 ], [ -6.906720635049226, 40.062728880233692 ], [ -6.892183544734735, 40.059793472390879 ], [ -6.89715986233773, 40.052804568276258 ], [ -6.881058296103447, 40.041392485374956 ], [ -6.882289410427916, 40.033082323390545 ], [ -6.87435889095002, 40.023321151150242 ], [ -6.876037596957474, 40.017246246916841 ], [ -6.866662980312242, 40.015232090188874 ], [ -6.86588938978349, 40.009696964443378 ], [ -6.873194456858641, 40.007914543221659 ], [ -6.873846529193941, 39.995153425090564 ], [ -6.886556544249061, 39.97836971229242 ], [ -6.879876994327788, 39.971358492400554 ], [ -6.887594104684126, 39.964753152735852 ], [ -6.885068412677072, 39.955489159896842 ], [ -6.885383369646718, 39.940292358405657 ], [ -6.891793489877614, 39.933757780097551 ], [ -6.90079752468597, 39.930774688401186 ], [ -6.906248865992325, 39.923253059181377 ], [ -6.900233984310887, 39.912139890243793 ], [ -6.899384734717671, 39.901390713810429 ], [ -6.905904930168333, 39.890655516438983 ], [ -6.902381207426743, 39.887396495651785 ], [ -6.903577328231052, 39.871018982340217 ], [ -6.914606926768215, 39.858767510911946 ], [ -6.924336551690487, 39.857622145145911 ], [ -6.931466099880538, 39.852169040269018 ], [ -6.940568159892621, 39.834072112238232 ], [ -6.948242070415176, 39.82771492340504 ], [ -6.958182653806375, 39.823828379975794 ], [ -6.970483781301425, 39.825121560111938 ], [ -6.97529840529711, 39.819366455697434 ], [ -6.981114388418234, 39.819646836432412 ], [ -6.98676228824894, 39.810001372765214 ], [ -6.98915519625524, 39.795199585892249 ], [ -6.9839173162311, 39.791034697793123 ], [ -6.976955891800912, 39.772147495010927 ], [ -6.983725546596645, 39.768355050345349 ], [ -6.987787090901463, 39.760837790931362 ], [ -6.986973603748766, 39.755399067113331 ], [ -6.993753273394816, 39.741414389862257 ], [ -6.99307235440557, 39.730724333061573 ], [ -6.987733125283455, 39.727451006758599 ], [ -6.999441505121297, 39.714198115051033 ], [ -7.004910308563865, 39.702209792448002 ], [ -7.0040498965854, 39.69663047581588 ], [ -7.008190019154029, 39.683582851667325 ], [ -7.014305712138878, 39.677435877563767 ], [ -7.015428780114064, 39.671014782006637 ], [ -7.035457134439184, 39.666208269895776 ], [ -7.055353405335325, 39.65952873076634 ], [ -7.072700499328562, 39.658130645612857 ], [ -7.088866709730837, 39.663219453115346 ], [ -7.103819129449221, 39.664049147849937 ], [ -7.127584934896788, 39.662855150344967 ], [ -7.143342494260651, 39.653642649988342 ], [ -7.151356219913566, 39.653064730353094 ], [ -7.181945813948118, 39.658901308848385 ], [ -7.201508049656695, 39.662158969860627 ], [ -7.21894979010068, 39.660274509760882 ], [ -7.249855039878128, 39.66690063006007 ], [ -7.283946039977707, 39.661312099873555 ], [ -7.293221474891084, 39.655284884889568 ], [ -7.318387030137274, 39.648532870295753 ], [ -7.331165790268983, 39.640991209576725 ], [ -7.336983199714837, 39.641109470425761 ], [ -7.351721759751342, 39.645679469831748 ], [ -7.375167849916295, 39.650772089560348 ], [ -7.391823769950975, 39.649738309875147 ], [ -7.401266100150337, 39.646240230402384 ], [ -7.416104789804137, 39.648750305682086 ], [ -7.43136597016337, 39.653663640164893 ], [ -7.439703940084712, 39.658775330017534 ], [ -7.454207900274355, 39.66217803998461 ], [ -7.476903919879931, 39.662761690099956 ], [ -7.491847039709057, 39.665779109818118 ], [ -7.4971141800753, 39.66526413013554 ], [ -7.534709929919302, 39.666946410048865 ], [ -7.541622212694904, 39.663401311321536 ], [ -7.527259830077071, 39.65500259039726 ], [ -7.5275146161066, 39.636431060445148 ], [ -7.520794272037961, 39.626484871579635 ], [ -7.510052360328132, 39.618635813591993 ], [ -7.507498501554551, 39.606542586870944 ], [ -7.500213944417965, 39.599468233672098 ], [ -7.499267256878341, 39.58963775697697 ], [ -7.488123773593202, 39.586512566102101 ], [ -7.477366638159765, 39.578591917582969 ], [ -7.466619967237648, 39.576646166887144 ], [ -7.461536129388833, 39.572831157332075 ], [ -7.45952863843587, 39.566516113427951 ], [ -7.452980359855701, 39.563003539581757 ], [ -7.448065728550489, 39.553138147607456 ], [ -7.441690800589924, 39.54339853841185 ], [ -7.43000006455128, 39.534383775590811 ], [ -7.406236328443754, 39.530735017407153 ], [ -7.400255996916655, 39.533762612954263 ], [ -7.392238620016258, 39.53065108997589 ], [ -7.388792226380076, 39.524472044249478 ], [ -7.387899279628016, 39.510155679940738 ], [ -7.390388489736949, 39.50359980298856 ], [ -7.379629411767894, 39.496811232752236 ], [ -7.381631862920074, 39.491867688243246 ], [ -7.364962784005229, 39.485768998740355 ], [ -7.361985778021165, 39.481725309575438 ], [ -7.349114417396379, 39.488104503020452 ], [ -7.34318526628698, 39.478120805231015 ], [ -7.337760447786366, 39.478816223989611 ], [ -7.32409476995764, 39.475090029681155 ], [ -7.319411518027096, 39.470138549554463 ], [ -7.300003452197529, 39.462960562080355 ], [ -7.294409515286873, 39.456370352609724 ], [ -7.305381218168634, 39.446013768920352 ], [ -7.305179317671332, 39.437199116046429 ], [ -7.308370045740958, 39.430054255999153 ], [ -7.301544310121756, 39.422588347874012 ], [ -7.301660419792483, 39.416422366598965 ], [ -7.30758774437885, 39.403079032771188 ], [ -7.321687542046391, 39.385808307407501 ], [ -7.311207172073296, 39.370199201831724 ], [ -7.310165878552425, 39.361428261405194 ], [ -7.306172667434623, 39.350841523217753 ], [ -7.30984993772438, 39.34189042160574 ], [ -7.328394064434463, 39.344946967228793 ], [ -7.332803853215182, 39.335581631587104 ], [ -7.333686659211878, 39.326742214981266 ], [ -7.345480007896015, 39.314924452401613 ], [ -7.345833334440783, 39.312499999775241 ], [ -7.400000000399643, 39.312499999775241 ], [ -7.404166665559103, 39.304166666758306 ], [ -7.423257785118665, 39.31285332542069 ], [ -7.451716444558201, 39.312146674129735 ], [ -7.464242214606486, 39.32464667410477 ], [ -7.485757784993723, 39.325353325395724 ], [ -7.493877156705366, 39.329733954558435 ], [ -7.507429843712259, 39.34231245275754 ], [ -7.509184265441434, 39.349149068374857 ], [ -7.514710489697279, 39.350567288449668 ], [ -7.526956176686156, 39.361932711825261 ], [ -7.537500000124851, 39.366666666633421 ], [ -7.5378533257703, 39.373257785318572 ], [ -7.543376498626458, 39.378808593441875 ], [ -7.557762498340594, 39.379375143847881 ], [ -7.579166667008053, 39.379166666608455 ], [ -7.58005404965462, 39.382624817081705 ], [ -7.589710490446748, 39.383900621416615 ], [ -7.599291484414437, 39.388387383171221 ], [ -7.600567287850026, 39.398043823064029 ], [ -7.604733954808125, 39.40491332958652 ], [ -7.600468784206953, 39.410416666995616 ], [ -7.599974168772803, 39.427856070101598 ], [ -7.599432712149905, 39.436285061306592 ], [ -7.613796047149833, 39.441839021553676 ], [ -7.61616697662464, 39.443886247252578 ], [ -7.622989232766827, 39.450165693292149 ], [ -7.633155761828903, 39.458034628994994 ], [ -7.64362284341945, 39.461932713424062 ], [ -7.653279283312202, 39.463208516859595 ], [ -7.655017598183576, 39.469982401166931 ], [ -7.665596078795943, 39.474583312969571 ], [ -7.682118394648171, 39.47973395425862 ], [ -7.688459777896412, 39.467322624739381 ], [ -7.702210490221887, 39.466099378583522 ], [ -7.712499999775105, 39.462500000374746 ], [ -7.713271416642499, 39.470061917423607 ], [ -7.721797688412551, 39.467369927280345 ], [ -7.735506015690021, 39.466061571084708 ], [ -7.741125996967128, 39.461894904126552 ], [ -7.76050601564009, 39.467271762681776 ], [ -7.766125996917197, 39.471438428740555 ], [ -7.774228074665871, 39.470013427777531 ], [ -7.775753445365183, 39.459283786417643 ], [ -7.783149888956189, 39.457224188745386 ], [ -7.788828701183547, 39.445228237193419 ], [ -7.806339348582014, 39.446438428790486 ], [ -7.811959329859121, 39.450605095748642 ], [ -7.824039713362026, 39.449281819800206 ], [ -7.830908881739447, 39.442019992128962 ], [ -7.848257785168585, 39.441313340838065 ], [ -7.855879550300983, 39.437146673879965 ], [ -7.868408881664493, 39.445480007796164 ], [ -7.895833333341614, 39.445833333441612 ], [ -7.903770785693155, 39.440698920418868 ], [ -7.909301079381237, 39.429562547173873 ], [ -7.914456176811086, 39.42556728829976 ], [ -7.92825758212166, 39.424376424032801 ], [ -7.930017428561428, 39.417517598758252 ], [ -7.936791652812474, 39.415779282987558 ], [ -7.938208346737781, 39.405054050104354 ], [ -7.943877156705355, 39.403599378708407 ], [ -7.951956176736132, 39.396400621391592 ], [ -7.957482570963805, 39.394982401316838 ], [ -7.958900621066789, 39.389456177060993 ], [ -7.967013210990842, 39.380351427176663 ], [ -7.976403750132931, 39.383349334304398 ], [ -7.981025890432477, 39.383634135207217 ], [ -7.985487079065422, 39.383903009116636 ], [ -7.986744297111557, 39.383657564345185 ], [ -7.989568212403015, 39.382984293190646 ], [ -7.992514585679544, 39.380333653875084 ], [ -7.994790034132734, 39.377561421722305 ], [ -7.996119221324932, 39.376305635396818 ], [ -7.999511598081767, 39.369382373697647 ], [ -8.010008302441179, 39.366526384984752 ], [ -8.014456176611191, 39.363067288424645 ], [ -8.028134823563221, 39.363082328686573 ], [ -8.029869340597543, 39.361498091963426 ], [ -8.02841662432769, 39.351846750327297 ], [ -8.028426926061741, 39.348856320163122 ], [ -8.028718384645686, 39.345967695053162 ], [ -8.028757211076368, 39.338991973201075 ], [ -8.029896754631466, 39.337681009870778 ], [ -8.037442223979383, 39.332542670407975 ], [ -8.041957371035778, 39.327387817593774 ], [ -8.042003467585914, 39.325649164577328 ], [ -8.045602597581762, 39.321494994598368 ], [ -8.050037763431988, 39.311992635551746 ], [ -8.052703584203016, 39.310781707409944 ], [ -8.05415855237527, 39.310332744260791 ], [ -8.059402207845551, 39.305936802341591 ], [ -8.062962175064285, 39.302139360143428 ], [ -8.068458295413961, 39.300112519377308 ], [ -8.070227108094514, 39.29659726914872 ], [ -8.071274098820538, 39.295194547090716 ], [ -8.074996217401463, 39.289737552645988 ], [ -8.078293040291555, 39.281697503836767 ], [ -8.081949279035939, 39.277839203616395 ], [ -8.084412655219808, 39.27616070625163 ], [ -8.087300196646709, 39.275793197398173 ], [ -8.094154191662597, 39.275656406917676 ], [ -8.115851507840773, 39.275649685384735 ], [ -8.116851788679071, 39.280305037647395 ] ] ], [ [ [ -7.287278413967556, 39.322785122435505 ], [ -7.277366533338807, 39.316209115957975 ], [ -7.285785251588038, 39.317022365689695 ], [ -7.297690105414006, 39.329601378300993 ], [ -7.292078078640372, 39.328434469275408 ], [ -7.287278413967556, 39.322785122435505 ] ] ], [ [ [ -6.869933742648072, 40.270172118748349 ], [ -6.864646854968328, 40.270509770109868 ], [ -6.871329928433397, 40.262790849418195 ], [ -6.869933742648072, 40.270172118748349 ] ] ] ] } },
{ "type": "Feature", "properties": { "pfaf_id": 231700, "province": "Coimbra", "area_km2": 14784.3, "bws_score": 4.188, "pvout": 1479.0, "solar_norm": 0.533, "water_stress_norm": 0.838, "viability": 0.087, "lon": -8.749, "lat": 39.9116, "runoff_mm": 470.0, "avail_m3_yr": 6838230615.0, "avail_Mm3_yr": 6838.2, "bws_monthly": [ 1.959, 1.756, 1.471, 1.862, 2.495, 4.096, 4.966, 5.0, 4.97, 4.245, 3.391, 2.566 ], "coastal": true }, "geometry": { "type": "MultiPolygon", "coordinates": [ [ [ [ -9.298363936446435, 38.661540564745337 ], [ -9.297938347576633, 38.659040713857905 ], [ -9.299591414811914, 38.659448646338035 ], [ -9.298363936446435, 38.661540564745337 ] ] ], [ [ [ -9.179852782679745, 38.698324784361375 ], [ -9.204291791832702, 38.693219341199665 ], [ -9.211160120243335, 38.692231706628036 ], [ -9.224513096602095, 38.692363399751173 ], [ -9.237047520826366, 38.696951901808859 ], [ -9.241526711188726, 38.698737914922901 ], [ -9.262933526560971, 38.699659166037748 ], [ -9.280610799448766, 38.698668004324986 ], [ -9.291001035769114, 38.694517900180983 ], [ -9.294679416721635, 38.690524627010006 ], [ -9.305208285334061, 38.685357266424774 ], [ -9.31297960322604, 38.684110640593644 ], [ -9.316935062603022, 38.677730360767612 ], [ -9.321842966979318, 38.676294749603073 ], [ -9.330897503217159, 38.677722578034604 ], [ -9.334841609552598, 38.678592176587756 ], [ -9.359019537421659, 38.686884072442069 ], [ -9.369327632364275, 38.693324003400107 ], [ -9.372373521021132, 38.692140970429477 ], [ -9.392790556039301, 38.701992035304215 ], [ -9.405988927247165, 38.70356750273811 ], [ -9.417420142325682, 38.699362697330685 ], [ -9.41531906881994, 38.693102430233012 ], [ -9.418968538367324, 38.690267609762429 ], [ -9.420858076938657, 38.690582742099934 ], [ -9.435001666193898, 38.692907573225966 ], [ -9.443552708890365, 38.694863838795186 ], [ -9.449034863667976, 38.695393256193881 ], [ -9.458944142558096, 38.694879533763526 ], [ -9.475038944091978, 38.701870941590755 ], [ -9.485913018371036, 38.708325279687983 ], [ -9.484897958074271, 38.71303955912839 ], [ -9.479407299307354, 38.723309045276267 ], [ -9.472488113335714, 38.73657968420514 ], [ -9.472000048563359, 38.749776987917699 ], [ -9.491477830737267, 38.763484054345668 ], [ -9.491900940176208, 38.76588647178329 ], [ -9.493723269713087, 38.775726395856509 ], [ -9.498238521990174, 38.777014818579062 ], [ -9.499781424972753, 38.781594327416315 ], [ -9.492972129859879, 38.790032914387552 ], [ -9.492430326098599, 38.791425522669783 ], [ -9.49037366291418, 38.795572249859504 ], [ -9.489617396025949, 38.796851460826304 ], [ -9.487105361123497, 38.801760846386003 ], [ -9.485930485003848, 38.802666207379616 ], [ -9.484377513211598, 38.80553243667265 ], [ -9.481817247667777, 38.809476292097258 ], [ -9.47641732330078, 38.817027345335759 ], [ -9.472209973711244, 38.825012291783878 ], [ -9.470196913256871, 38.827735680857018 ], [ -9.468054855846901, 38.832283967930834 ], [ -9.450756866636027, 38.86007690512514 ], [ -9.451054381254664, 38.867075728761904 ], [ -9.444258950989763, 38.874959773075147 ], [ -9.438519716012024, 38.894984531011346 ], [ -9.430799643288879, 38.912601471980395 ], [ -9.426450322224525, 38.918235959322089 ], [ -9.415408167353007, 38.94097345296251 ], [ -9.413889341919571, 38.94035720781892 ], [ -9.41480317362749, 38.942845256903126 ], [ -9.416272907768416, 38.951013507667312 ], [ -9.417293738115461, 38.95596885757675 ], [ -9.420205652968491, 38.96058018622665 ], [ -9.42076625435908, 38.969600282926763 ], [ -9.42051642898997, 38.972382627955994 ], [ -9.421730804233164, 38.982765197555864 ], [ -9.419170380408673, 38.986367119047372 ], [ -9.425723369637751, 38.995948792902539 ], [ -9.426690325198308, 39.004621466207766 ], [ -9.426411047931481, 39.008199802978595 ], [ -9.425989105812562, 39.009746755608319 ], [ -9.421890682109222, 39.012329102206365 ], [ -9.424776459066265, 39.019331360354045 ], [ -9.416185696912351, 39.043153763735233 ], [ -9.417589347070646, 39.05022366888727 ], [ -9.415617900945335, 39.057710067165942 ], [ -9.416323785114571, 39.059610733948261 ], [ -9.420339368666873, 39.070488653728432 ], [ -9.418962408588243, 39.078840463316794 ], [ -9.414687983063914, 39.086767489827821 ], [ -9.413398786025084, 39.089298463553291 ], [ -9.409438733810475, 39.094799158754199 ], [ -9.401522444305328, 39.103433424712819 ], [ -9.399929744961696, 39.105720519386523 ], [ -9.393906144353025, 39.113413191565598 ], [ -9.394282206658488, 39.121015061895662 ], [ -9.390153405655099, 39.126265625058579 ], [ -9.386070224561195, 39.132389221285564 ], [ -9.381737743302153, 39.137912638757314 ], [ -9.371315427265131, 39.152708658278016 ], [ -9.361666176552774, 39.16877624272945 ], [ -9.360692509351793, 39.170710698839741 ], [ -9.358448761101386, 39.176672641029597 ], [ -9.357241181135578, 39.180185515249377 ], [ -9.357836388438557, 39.181822070931901 ], [ -9.356126996663534, 39.183142907019601 ], [ -9.347281858570852, 39.201622344595592 ], [ -9.345924072937578, 39.205958858414647 ], [ -9.345480976066142, 39.20770579598576 ], [ -9.341580234140451, 39.222987184111332 ], [ -9.340382038600183, 39.224154373725412 ], [ -9.339864878960952, 39.225378892421986 ], [ -9.34122369072071, 39.229497695662189 ], [ -9.341051175571238, 39.23455668973952 ], [ -9.343563875072732, 39.239767707014096 ], [ -9.337509127344333, 39.25723030993089 ], [ -9.337018048943776, 39.259177862868114 ], [ -9.336811058283672, 39.278020300996161 ], [ -9.337871828422124, 39.282866582027168 ], [ -9.338302127041459, 39.286109336776519 ], [ -9.340757187194413, 39.292001282932915 ], [ -9.345629969447486, 39.298700138600566 ], [ -9.34644779043316, 39.299823913442879 ], [ -9.345957089747856, 39.306165978377237 ], [ -9.347266960401839, 39.311266709091399 ], [ -9.362035349151995, 39.323372438187505 ], [ -9.362108364209575, 39.325864666421296 ], [ -9.35885639320793, 39.331250000187424 ], [ -9.36153829025983, 39.34129857866651 ], [ -9.368043796184224, 39.350330031106125 ], [ -9.373027421678103, 39.353060912431204 ], [ -9.392314737335198, 39.352883423131516 ], [ -9.408968167147123, 39.359443113209181 ], [ -9.398985351592671, 39.369920108925953 ], [ -9.385144212435421, 39.371179449372164 ], [ -9.379993041445687, 39.368865967690283 ], [ -9.374675432924846, 39.372631920127048 ], [ -9.370996926966541, 39.363489914927698 ], [ -9.358951048651932, 39.360386476854501 ], [ -9.353231178775843, 39.361604059080094 ], [ -9.34275865538757, 39.365485192187919 ], [ -9.341045576392162, 39.372523200185583 ], [ -9.339042757417246, 39.374492537400727 ], [ -9.337410904289754, 39.374220343194338 ], [ -9.322848533133254, 39.37564383599431 ], [ -9.310694056285627, 39.379999160033265 ], [ -9.276777266557531, 39.399623175569161 ], [ -9.271429222280744, 39.404226073974201 ], [ -9.266249201039727, 39.407990745776374 ], [ -9.239862440199431, 39.425553640188411 ], [ -9.234945296188414, 39.425231933806742 ], [ -9.223249434014122, 39.419526671618655 ], [ -9.220276834708102, 39.411804200403594 ], [ -9.213055802982865, 39.404958917120382 ], [ -9.215972186567114, 39.398367883870776 ], [ -9.208610851609478, 39.396941504247081 ], [ -9.20097223857789, 39.403380076329483 ], [ -9.204027851603996, 39.414307564942249 ], [ -9.204141097833372, 39.41558381893816 ], [ -9.210361864008746, 39.425020600320522 ], [ -9.226607457568093, 39.430059705890756 ], [ -9.227222157676408, 39.43680572560379 ], [ -9.210400963833365, 39.459073542909721 ], [ -9.204225152968377, 39.46685155175777 ], [ -9.203725270204984, 39.472094399636887 ], [ -9.196436050982925, 39.474357905093314 ], [ -9.195069926835629, 39.475487969794017 ], [ -9.190418308558037, 39.480212534780719 ], [ -9.188301227119894, 39.482271120715723 ], [ -9.184882544293941, 39.48529356224816 ], [ -9.183257588966512, 39.487007446136772 ], [ -9.173768456249206, 39.496057084666802 ], [ -9.171511807224078, 39.497772658381507 ], [ -9.166670412209726, 39.503419696661751 ], [ -9.153165927965176, 39.50939960640676 ], [ -9.14830677493768, 39.509538797177811 ], [ -9.14555418487771, 39.503079413883881 ], [ -9.135537150119319, 39.508262630416141 ], [ -9.145238778246949, 39.519276510602538 ], [ -9.145434890707577, 39.521796813871902 ], [ -9.140325547186194, 39.52119827458074 ], [ -9.12890176680304, 39.528568267311755 ], [ -9.12504339103964, 39.538306998769031 ], [ -9.112138939860131, 39.545195007943335 ], [ -9.10702228305189, 39.552335101583708 ], [ -9.076605539613922, 39.587201355957859 ], [ -9.073333264618441, 39.59263991969658 ], [ -9.075415609742549, 39.602359769887528 ], [ -9.086329460136426, 39.604782106409118 ], [ -9.08336210297864, 39.609190940109841 ], [ -9.084004875424625, 39.619647921414469 ], [ -9.083389962176966, 39.622888754312612 ], [ -9.08292506214184, 39.624690534340743 ], [ -9.070678576554997, 39.650894892885049 ], [ -9.060415982811321, 39.677499769898532 ], [ -9.056249857245064, 39.691667555413403 ], [ -9.049999239872989, 39.701665879776556 ], [ -9.049606709182228, 39.711664812980814 ], [ -9.05023115434426, 39.720433668778867 ], [ -9.033244547297954, 39.756547641660404 ], [ -9.033102511072002, 39.761432199636374 ], [ -9.032365655150841, 39.764421740371063 ], [ -9.028271094935064, 39.771733951660565 ], [ -9.025220000102877, 39.777093037813472 ], [ -9.01926875265076, 39.785476687898893 ], [ -9.009738180972249, 39.805478229836467 ], [ -9.003412355995408, 39.816923556177244 ], [ -9.001556390914686, 39.820179705429098 ], [ -9.000044862580296, 39.823158500164709 ], [ -8.991690874833978, 39.839013008243796 ], [ -8.991022605708622, 39.840390975563139 ], [ -8.986778124011153, 39.847731226814744 ], [ -8.985048249277213, 39.854136489807217 ], [ -8.982926479673267, 39.857810624161004 ], [ -8.980826916129217, 39.859903764747003 ], [ -8.97919895706616, 39.863996345554938 ], [ -8.97202916061724, 39.878564800625099 ], [ -8.970997911624295, 39.879243125969538 ], [ -8.970978274028084, 39.881900790788904 ], [ -8.969838442689934, 39.883551963152627 ], [ -8.963732690810957, 39.896272877091633 ], [ -8.961834359568002, 39.90009310181523 ], [ -8.9596188266475, 39.904605300893991 ], [ -8.958162074220297, 39.908304931027772 ], [ -8.955021818801868, 39.914976321400161 ], [ -8.954023570431389, 39.917643331974261 ], [ -8.941899302710624, 39.942024384317961 ], [ -8.937457875780296, 39.951576067581527 ], [ -8.932659858665488, 39.961466999402546 ], [ -8.930342386691734, 39.966457823969449 ], [ -8.922508358174127, 39.984230629140256 ], [ -8.91548645343704, 39.997083661581769 ], [ -8.912400766182373, 40.00597207864854 ], [ -8.912135199979446, 40.0075147918742 ], [ -8.905436654577898, 40.021906977125354 ], [ -8.896535395192302, 40.039865016557314 ], [ -8.893170070042629, 40.044040298121331 ], [ -8.893634898132007, 40.048685773129989 ], [ -8.891777558887213, 40.053072645386351 ], [ -8.891518108973514, 40.055877272917883 ], [ -8.891281795018756, 40.05735088943203 ], [ -8.889195346288147, 40.059028303113735 ], [ -8.887439860661004, 40.064180559585225 ], [ -8.880813046984485, 40.079234349085993 ], [ -8.876605645234292, 40.090405326444738 ], [ -8.875654593284821, 40.092780498021625 ], [ -8.868328214075746, 40.107638598642438 ], [ -8.864437824246124, 40.125155812890512 ], [ -8.863112964591608, 40.129806165821947 ], [ -8.862278273223694, 40.137943763194187 ], [ -8.866148163007267, 40.140071989031128 ], [ -8.867316987588879, 40.141852802265078 ], [ -8.869795591992954, 40.146732320440265 ], [ -8.873086139413772, 40.158209530445504 ], [ -8.875580993667882, 40.162170225675425 ], [ -8.885645923620416, 40.166735166394858 ], [ -8.907517864757608, 40.180718509051985 ], [ -8.909286379762591, 40.188100816199778 ], [ -8.903851644437793, 40.201792759628233 ], [ -8.902904063871404, 40.20276835587498 ], [ -8.899608015297645, 40.205194552286798 ], [ -8.881203465167744, 40.242500651184173 ], [ -8.871187089612476, 40.265235009787943 ], [ -8.866869835674322, 40.277779551385265 ], [ -8.857848169657245, 40.297580719874361 ], [ -8.850227569146966, 40.318178301887201 ], [ -8.84671477406755, 40.325907621439626 ], [ -8.845665973905511, 40.329703389100189 ], [ -8.841998197758585, 40.339105479134616 ], [ -8.841597412190765, 40.341820450553428 ], [ -8.837854484197067, 40.352241841188061 ], [ -8.83754417762168, 40.354276170608841 ], [ -8.833671705884456, 40.365023570881135 ], [ -8.829092331945503, 40.37550350828036 ], [ -8.826470393593752, 40.384729072188975 ], [ -8.826665964662482, 40.387019107645756 ], [ -8.824848288217879, 40.389752828130554 ], [ -8.824768714404627, 40.392769526592417 ], [ -8.823425412352833, 40.39472535868839 ], [ -8.822185088970627, 40.398491633082472 ], [ -8.822434074373007, 40.400096580292995 ], [ -8.821041357272748, 40.401828200611021 ], [ -8.820765410195463, 40.40565505243876 ], [ -8.819395636599324, 40.407045281114904 ], [ -8.817899935433616, 40.412428141745409 ], [ -8.816426908874689, 40.417219243972966 ], [ -8.812646774129291, 40.430368010375446 ], [ -8.812003903657171, 40.432600248202959 ], [ -8.812070527233004, 40.434592910234699 ], [ -8.810645969635743, 40.436255437438547 ], [ -8.808612571013271, 40.443244894636223 ], [ -8.807934957032614, 40.444961232774745 ], [ -8.808215294600132, 40.446797612419914 ], [ -8.807046460126003, 40.448115579670343 ], [ -8.805085445237069, 40.454973287986888 ], [ -8.803391179159519, 40.460744716895249 ], [ -8.80137102215491, 40.466492980166947 ], [ -8.799367687868425, 40.472874690814365 ], [ -8.797044400878349, 40.479852997318005 ], [ -8.795071052686865, 40.486614424216384 ], [ -8.792116217689227, 40.496008820550685 ], [ -8.789395803573427, 40.503420754064621 ], [ -8.787366322397816, 40.509710983874868 ], [ -8.785420690412479, 40.515855609848586 ], [ -8.783767418131788, 40.519902699350155 ], [ -8.782790096985366, 40.52609635905975 ], [ -8.781781774409296, 40.527795273732977 ], [ -8.781576249644161, 40.52950708198631 ], [ -8.779829315670327, 40.534043658987741 ], [ -8.778497635557414, 40.540154705175553 ], [ -8.775236470786467, 40.550720765251185 ], [ -8.774283981720316, 40.5549204103487 ], [ -8.77318511360204, 40.557926095712787 ], [ -8.770581372132597, 40.565421312743467 ], [ -8.769272926004703, 40.569807476334006 ], [ -8.768460642144873, 40.571640441253408 ], [ -8.766900984792585, 40.575203422100287 ], [ -8.76658763041479, 40.577471455643206 ], [ -8.762853326020149, 40.580908881239907 ], [ -8.762146674729195, 40.589924451652166 ], [ -8.758686659061993, 40.593408881214941 ], [ -8.758611959574239, 40.600778258809669 ], [ -8.758583340448752, 40.603601776600783 ], [ -8.756902172097512, 40.608004722440057 ], [ -8.754362022589248, 40.609999898076865 ], [ -8.754948823929055, 40.613335913421736 ], [ -8.754257215597988, 40.615596657959429 ], [ -8.75047119928638, 40.631301894766693 ], [ -8.750149734822344, 40.633220383414027 ], [ -8.749968617657544, 40.638635916414444 ], [ -8.74997563866475, 40.640636857604932 ], [ -8.739444254648561, 40.644027710010846 ], [ -8.732055760165167, 40.650326347582904 ], [ -8.725579657575111, 40.645182613087172 ], [ -8.722082615020611, 40.64986038005253 ], [ -8.725115378072189, 40.655000208792671 ], [ -8.719582559987089, 40.658749583126792 ], [ -8.707361220344012, 40.658056259788623 ], [ -8.701897920752401, 40.653688426179997 ], [ -8.698816388365572, 40.655507140442239 ], [ -8.693650244563116, 40.665639496165852 ], [ -8.689398449578732, 40.6655559536444 ], [ -8.679999824632148, 40.675139427942327 ], [ -8.673692540078605, 40.676534546232403 ], [ -8.664682660576261, 40.680585179962122 ], [ -8.66327762905928, 40.684424273361572 ], [ -8.664343602675103, 40.683717840605937 ], [ -8.668026414587302, 40.680684319425836 ], [ -8.669391443360382, 40.680213212269962 ], [ -8.672986270999559, 40.684013368622118 ], [ -8.671924352426856, 40.690729138738789 ], [ -8.660570946691792, 40.690117638418315 ], [ -8.659554379131237, 40.694075924364483 ], [ -8.672595502980016, 40.693715096574522 ], [ -8.667986630378664, 40.700277325438265 ], [ -8.671805141893742, 40.709028245157413 ], [ -8.664800386328693, 40.717375552739611 ], [ -8.654677706410951, 40.719952902704335 ], [ -8.644905565139652, 40.720138549754324 ], [ -8.649467819584174, 40.725531355088037 ], [ -8.637361049972412, 40.721249583001907 ], [ -8.629117648260831, 40.722357434448099 ], [ -8.622916219308024, 40.719375134155143 ], [ -8.61086139993364, 40.727083203626989 ], [ -8.615763662862719, 40.728847695065156 ], [ -8.617160085169758, 40.734500409866087 ], [ -8.628310048070205, 40.729818342342696 ], [ -8.628610215688866, 40.726667402078988 ], [ -8.638305854331691, 40.72352829059821 ], [ -8.647222998442601, 40.729588032261915 ], [ -8.652384924424666, 40.729529279552651 ], [ -8.654273632022466, 40.729775689296673 ], [ -8.660972916666708, 40.730833053702497 ], [ -8.666789130014308, 40.72703934189218 ], [ -8.674319650831194, 40.73320453266308 ], [ -8.675642943866706, 40.736592584580194 ], [ -8.678147625012855, 40.741050118368321 ], [ -8.678343251839578, 40.747199610573603 ], [ -8.678834178254704, 40.759082573102319 ], [ -8.679355847993918, 40.764811536922934 ], [ -8.681518725608669, 40.767730344180109 ], [ -8.683305882660306, 40.777176411961875 ], [ -8.679027750130501, 40.783417513607446 ], [ -8.668302021720876, 40.791093079781831 ], [ -8.66525039808738, 40.791860962313592 ], [ -8.639443737738247, 40.81270803604707 ], [ -8.632741292876347, 40.815601346624874 ], [ -8.634707099353079, 40.82130885711814 ], [ -8.641725542599659, 40.818789892939265 ], [ -8.656940326035169, 40.805217742804643 ], [ -8.667833183554535, 40.800431600338129 ], [ -8.66883417036064, 40.812077524058566 ], [ -8.673333644931745, 40.801528929716369 ], [ -8.67535835970051, 40.789935300673619 ], [ -8.68736076298876, 40.782030743723908 ], [ -8.701249839608352, 40.757360455021058 ], [ -8.701388839723109, 40.752639769709674 ], [ -8.696608977222468, 40.740696432994014 ], [ -8.696273984256948, 40.734754272291866 ], [ -8.69681276899405, 40.732901026761056 ], [ -8.699149474768376, 40.726885844706032 ], [ -8.698867934807311, 40.718993596777125 ], [ -8.705790471652904, 40.714086804862234 ], [ -8.707725756038769, 40.711752311420071 ], [ -8.719814460069244, 40.696947098130124 ], [ -8.719866136013309, 40.69107262040518 ], [ -8.718056200033573, 40.680578867620682 ], [ -8.725358644685684, 40.668193815392328 ], [ -8.727004324889663, 40.662003654045463 ], [ -8.73608322016446, 40.656750488244484 ], [ -8.740880489942583, 40.646697521973124 ], [ -8.750011618741155, 40.646192030138138 ], [ -8.753186174302471, 40.64847300042868 ], [ -8.750584862801134, 40.655615732679962 ], [ -8.749929439591938, 40.65726046769646 ], [ -8.741553536266622, 40.681010824589919 ], [ -8.738055230164719, 40.694049835031933 ], [ -8.729383183686934, 40.716336536302151 ], [ -8.726899210330259, 40.724516255221033 ], [ -8.715509733687213, 40.752867380025634 ], [ -8.708598662298357, 40.776584104073208 ], [ -8.708217544903732, 40.777751821589334 ], [ -8.700799975338555, 40.795716113108199 ], [ -8.700101653568424, 40.797233126407718 ], [ -8.696249487623732, 40.811249732289355 ], [ -8.689395464728875, 40.829528413305695 ], [ -8.682559884231239, 40.849985479846055 ], [ -8.679088726863199, 40.864255460720983 ], [ -8.677685001161819, 40.869780458301534 ], [ -8.675340911953469, 40.879669491653772 ], [ -8.675172614624444, 40.880810987637005 ], [ -8.671036823190775, 40.893578305694291 ], [ -8.670444418175293, 40.895876948562375 ], [ -8.667923685030019, 40.904352851103226 ], [ -8.666055213077584, 40.91227176213215 ], [ -8.663711302834315, 40.920951240607337 ], [ -8.662898631366716, 40.924266832348508 ], [ -8.662648927406053, 40.925897120655634 ], [ -8.661664522299816, 40.931089986014115 ], [ -8.662504242676619, 40.931472675423663 ], [ -8.66143922324153, 40.932403245313594 ], [ -8.659542464912761, 40.939697911729297 ], [ -8.658892244281617, 40.943511709897564 ], [ -8.655975494673271, 40.955760992375929 ], [ -8.653874234108571, 40.964212088916838 ], [ -8.650421191784517, 40.973150151258551 ], [ -8.650983176332488, 40.975143244964841 ], [ -8.648798181690665, 40.985441977065648 ], [ -8.64780519795147, 40.990363928852275 ], [ -8.646688682436718, 40.994635035878275 ], [ -8.646618618954051, 40.99614518105534 ], [ -8.646831578414549, 41.004316845645974 ], [ -8.646703803637593, 41.0085081198539 ], [ -8.647038140997381, 41.010125089201551 ], [ -8.645671730865615, 41.013635844618591 ], [ -8.645218394313417, 41.015761973236522 ], [ -8.645151765341666, 41.022432547923813 ], [ -8.646255125573532, 41.026329555864379 ], [ -8.646875335828042, 41.031537560410129 ], [ -8.648613899811608, 41.034725718217373 ], [ -8.656192398560279, 41.05226872682033 ], [ -8.657898373810838, 41.06218709066178 ], [ -8.658896760676896, 41.069029895413394 ], [ -8.658126109132581, 41.088879133565229 ], [ -8.658429478337723, 41.091972149395247 ], [ -8.659050653564748, 41.093782808429921 ], [ -8.660160592337434, 41.096350073397218 ], [ -8.661599062446726, 41.099542442729614 ], [ -8.662777662658982, 41.101993594428905 ], [ -8.662982857372924, 41.104008325823656 ], [ -8.664156376415576, 41.107322156692248 ], [ -8.665189790976001, 41.109128286741111 ], [ -8.663814546803849, 41.115529060317954 ], [ -8.668400931857491, 41.121193406950226 ], [ -8.670624465146886, 41.128738843023257 ], [ -8.671078789154762, 41.131591118435438 ], [ -8.668587962964068, 41.139814691894571 ], [ -8.673060919225975, 41.14564534205897 ], [ -8.662499999675219, 41.145833333641463 ], [ -8.662499999675219, 41.141666666683363 ], [ -8.650909084786406, 41.142290242200943 ], [ -8.649999999700185, 41.145833333641463 ], [ -8.64166666668325, 41.145833333641463 ], [ -8.641313341037801, 41.139242214956312 ], [ -8.63368665931182, 41.131591118435438 ], [ -8.632677544433079, 41.121793280835277 ], [ -8.617413329761291, 41.111932711925192 ], [ -8.609079996744413, 41.117233954583412 ], [ -8.598043823263765, 41.108900621566477 ], [ -8.592062717420447, 41.107365586752508 ], [ -8.58796861406023, 41.102083333279268 ], [ -8.59223395463323, 41.096579996769492 ], [ -8.591099378933166, 41.089456176361523 ], [ -8.574432712000032, 41.064456176411454 ], [ -8.557482570664035, 41.030017429161092 ], [ -8.553576341075257, 41.027180141850124 ], [ -8.550606282354011, 41.022916665571699 ], [ -8.55480957060513, 41.016988457851085 ], [ -8.549035644279513, 41.005131022578666 ], [ -8.541643270120801, 41.002904934315325 ], [ -8.532690430119203, 40.987821790942974 ], [ -8.538142903671996, 40.975321790967939 ], [ -8.536748928420252, 40.959106784250764 ], [ -8.521405707407439, 40.95754157178618 ], [ -8.508976236763885, 40.943801540708591 ], [ -8.498738267357112, 40.920809936429464 ], [ -8.493801540608558, 40.917309569980716 ], [ -8.483729383704031, 40.921801079256454 ], [ -8.478198920044065, 40.932937283428942 ], [ -8.467517429285863, 40.938350762377809 ], [ -8.461285060956754, 40.954733954908136 ], [ -8.456122843594301, 40.953599379208015 ], [ -8.44804382356358, 40.946400620991938 ], [ -8.434293280310612, 40.945177544807905 ], [ -8.428315904855083, 40.93418409541971 ], [ -8.418408880565323, 40.932980008420714 ], [ -8.414924451901868, 40.929519992753512 ], [ -8.401742215430829, 40.928813340563295 ], [ -8.398257784968735, 40.925353325795413 ], [ -8.389209662695748, 40.924641926983384 ], [ -8.379519992853318, 40.910757785843202 ], [ -8.379166666308549, 40.900000000199896 ], [ -8.360289509852976, 40.899432712349835 ], [ -8.350850762552625, 40.89498257098893 ], [ -8.349080403937421, 40.888082885916504 ], [ -8.338437228795044, 40.878599377559283 ], [ -8.326956176886029, 40.879733954158723 ], [ -8.321579996419644, 40.883900621116823 ], [ -8.314456176910994, 40.882766045416702 ], [ -8.306377156880217, 40.875567288099944 ], [ -8.293622843019762, 40.874432712399823 ], [ -8.288246662553377, 40.870266045441724 ], [ -8.281377156930205, 40.874432712399823 ], [ -8.268622843069693, 40.875567288099944 ], [ -8.260543823038972, 40.882766045416702 ], [ -8.242517428836209, 40.874149237997017 ], [ -8.241666666583342, 40.866666666333629 ], [ -8.235553176038195, 40.863090051764516 ], [ -8.22332495838009, 40.858621927559966 ], [ -8.222149496801762, 40.857976601938674 ], [ -8.214456177110833, 40.85776604456737 ], [ -8.204751273652334, 40.848109882565097 ], [ -8.203151425597753, 40.847544966227247 ], [ -8.193375235578628, 40.845839353403505 ], [ -8.189710490146979, 40.842233954233677 ], [ -8.181122843244566, 40.841099379432876 ], [ -8.171684095944215, 40.836649238071914 ], [ -8.166666666733249, 40.825000000349803 ], [ -8.151956176336398, 40.824432711600423 ], [ -8.14657999676939, 40.820266046440963 ], [ -8.138379583550886, 40.821572196599618 ], [ -8.136600409781067, 40.828505451565377 ], [ -8.122789510327607, 40.829733954258643 ], [ -8.117413329861222, 40.833900621216742 ], [ -8.101742214231763, 40.829519992054031 ], [ -8.095831976764259, 40.835400729959758 ], [ -8.099646674254586, 40.839242214656508 ], [ -8.100353326444804, 40.848257785068768 ], [ -8.103813341212685, 40.851742214631543 ], [ -8.101956176436374, 40.858900621166811 ], [ -8.089594861813396, 40.870373535110616 ], [ -8.084079996894275, 40.866099377584248 ], [ -8.068877155556265, 40.874432712399823 ], [ -8.056122842595073, 40.875567288099944 ], [ -8.043877157404836, 40.886932712374801 ], [ -8.014456176611191, 40.888067288074922 ], [ -7.996579997069148, 40.878599377559283 ], [ -7.9811228436443, 40.879733954158723 ], [ -7.975000000149862, 40.883333333266762 ], [ -7.968408880565335, 40.882980007621313 ], [ -7.956591118885001, 40.875353325895333 ], [ -7.949641927033269, 40.877457003837719 ], [ -7.943381076275614, 40.883686658912211 ], [ -7.935075547598387, 40.882980007621313 ], [ -7.931591118934932, 40.879519992853432 ], [ -7.910075547648376, 40.878813340663214 ], [ -7.90659111898492, 40.875353325895333 ], [ -7.897575547673341, 40.874646674604378 ], [ -7.894091119009886, 40.871186658937233 ], [ -7.87570851683455, 40.861612616728905 ], [ -7.874291483864852, 40.850887382946439 ], [ -7.856377156880228, 40.842233954233677 ], [ -7.850395881065026, 40.840698920318971 ], [ -7.844865587376887, 40.829562717045803 ], [ -7.839710489947095, 40.825567288199863 ], [ -7.822789510027803, 40.824432711600423 ], [ -7.810543823038984, 40.817233954283608 ], [ -7.789456177060856, 40.816099378583488 ], [ -7.785543823088915, 40.813067288224829 ], [ -7.767300415281909, 40.829809570155589 ], [ -7.756198290019029, 40.828523762661575 ], [ -7.750321790618102, 40.824357096602796 ], [ -7.739635043322551, 40.828523762661575 ], [ -7.727031623110861, 40.829809570155589 ], [ -7.721155124609254, 40.833976237113689 ], [ -7.70865512463422, 40.828523762661575 ], [ -7.697968377338668, 40.836857096577774 ], [ -7.687821790742987, 40.842309570130624 ], [ -7.672864956252681, 40.84102376263661 ], [ -7.664588249947712, 40.833936225376533 ], [ -7.647968377438644, 40.84102376263661 ], [ -7.633834669034684, 40.842465549445592 ], [ -7.625642733725158, 40.852031792733101 ], [ -7.621476067666322, 40.860365125749979 ], [ -7.620052422880974, 40.874322170431867 ], [ -7.595833333041867, 40.875000000249884 ], [ -7.588440788911214, 40.870303683867974 ], [ -7.567433166407454, 40.874087863763975 ], [ -7.566317894655072, 40.867464611402738 ], [ -7.562853325720369, 40.860757785043802 ], [ -7.561838786131034, 40.850899590343886 ], [ -7.553599379207924, 40.848785061181673 ], [ -7.554733954908045, 40.835289509903021 ], [ -7.551742214431613, 40.828813340763134 ], [ -7.543382263280762, 40.820480007746198 ], [ -7.539242213557259, 40.821186659037153 ], [ -7.530882263305784, 40.829519992054031 ], [ -7.518408880565346, 40.828813340763134 ], [ -7.508333333216683, 40.825000000349803 ], [ -7.504519992803353, 40.819091119059976 ], [ -7.504733954108644, 40.806122843894173 ], [ -7.50829315240702, 40.801530286793366 ], [ -7.496792941341141, 40.791099378633476 ], [ -7.481122843744174, 40.792233954333597 ], [ -7.475746663277846, 40.796400621291696 ], [ -7.467546420930546, 40.795094469334344 ], [ -7.46577928368697, 40.788208346937722 ], [ -7.456122843794162, 40.786932712574696 ], [ -7.443877156805286, 40.779733954358562 ], [ -7.43528950990293, 40.778599378658441 ], [ -7.427210489872152, 40.771400621341627 ], [ -7.414456176911017, 40.770266045641563 ], [ -7.404562547123817, 40.765698919569559 ], [ -7.396400621291605, 40.752210490022151 ], [ -7.394618394323402, 40.745266045691494 ], [ -7.38112284304475, 40.746400621391615 ], [ -7.375746662578365, 40.750567286551075 ], [ -7.367517598758127, 40.746684095794421 ], [ -7.365698919569411, 40.753770615921212 ], [ -7.360543823038938, 40.757766045666528 ], [ -7.330908880940058, 40.75798000787114 ], [ -7.327082655040442, 40.754180569178004 ], [ -7.319091118360404, 40.762146673929919 ], [ -7.310075547948145, 40.762853326120137 ], [ -7.30659111838537, 40.766313340888019 ], [ -7.295833333641383, 40.766666667432787 ], [ -7.291313341037835, 40.760046386431668 ], [ -7.296186659286832, 40.751713053414733 ], [ -7.289583672248625, 40.741680908247361 ], [ -7.285416666246078, 40.745818752833202 ], [ -7.276742214981198, 40.741313340938007 ], [ -7.264924452401488, 40.72951999225387 ], [ -7.254519992403687, 40.723257785318594 ], [ -7.254166666758238, 40.699999999700253 ], [ -7.261932711925056, 40.681377156230837 ], [ -7.263067287625177, 40.656122843294611 ], [ -7.271097988881024, 40.642803954838712 ], [ -7.263082884567439, 40.640747070421014 ], [ -7.253599378908177, 40.63010389527858 ], [ -7.254733954608298, 40.622789510327664 ], [ -7.261932711925056, 40.614710490296943 ], [ -7.267233954583276, 40.604913329886301 ], [ -7.266099378883155, 40.581122843444518 ], [ -7.262499999775116, 40.570833332991981 ], [ -7.278198920643604, 40.562103949337825 ], [ -7.27973395455831, 40.556122842595187 ], [ -7.288067287575188, 40.540729437613493 ], [ -7.27973395455831, 40.531377157429915 ], [ -7.278599378858189, 40.526214939168142 ], [ -7.290698920618638, 40.520437283353999 ], [ -7.292566256727298, 40.513161214018851 ], [ -7.303568183125094, 40.511584472245659 ], [ -7.304166666658318, 40.491666667083052 ], [ -7.313488091102499, 40.496400620991892 ], [ -7.326956177085833, 40.483900621016915 ], [ -7.332482401341679, 40.482482570913987 ], [ -7.342517598808115, 40.459184094570332 ], [ -7.356591118285451, 40.454519992803455 ], [ -7.364924452201649, 40.458686658862291 ], [ -7.372575547823203, 40.466313340588272 ], [ -7.377210489972072, 40.46609937838366 ], [ -7.386580234090502, 40.45775044842452 ], [ -7.392645771884816, 40.446466064757146 ], [ -7.410543822939019, 40.445266045391747 ], [ -7.417603895803097, 40.441099378433648 ], [ -7.426956176885994, 40.449432712349846 ], [ -7.432624816881741, 40.450887383745794 ], [ -7.434023878699008, 40.461476643632238 ], [ -7.43843722879501, 40.463067288025002 ], [ -7.447789509877907, 40.454733955008066 ], [ -7.45637715678032, 40.453599378408626 ], [ -7.468738639576486, 40.442126463565501 ], [ -7.481261359124403, 40.449540202018738 ], [ -7.493622843719209, 40.438067288074933 ], [ -7.503279283612017, 40.436791652812587 ], [ -7.509331088758699, 40.425610351236799 ], [ -7.535543823588569, 40.424432712399835 ], [ -7.53945617666119, 40.4214006211418 ], [ -7.552210489622325, 40.420266045441679 ], [ -7.565698920069053, 40.41210394963764 ], [ -7.570833333091798, 40.404166666358606 ], [ -7.571437412206762, 40.388503012404158 ], [ -7.582937452401438, 40.382365587302047 ], [ -7.587031215817888, 40.377083332929544 ], [ -7.583802117273819, 40.372916666870708 ], [ -7.588399590069002, 40.363161214318666 ], [ -7.596732923985201, 40.35899454736051 ], [ -7.611600409930929, 40.357672118573475 ], [ -7.616666666933099, 40.345833333441647 ], [ -7.612853325620449, 40.335757785193664 ], [ -7.613060654425624, 40.321803481645418 ], [ -7.616666666933099, 40.320833332592258 ], [ -7.61666412275099, 40.311919060016635 ], [ -7.618158345431254, 40.305123577591075 ], [ -7.626963962816603, 40.295704552423217 ], [ -7.628753707217754, 40.294577769348621 ], [ -7.630815225841957, 40.292018928330947 ], [ -7.632396846437246, 40.28975510631318 ], [ -7.636219173775828, 40.286930712582375 ], [ -7.64290283000156, 40.283522702910489 ], [ -7.644146005133962, 40.282705029413648 ], [ -7.647735240788677, 40.279331374743208 ], [ -7.649927703400749, 40.277661302227386 ], [ -7.655199193787723, 40.274681365352762 ], [ -7.661989500614936, 40.270938830362809 ], [ -7.685762118426965, 40.270158380704743 ], [ -7.696057323386697, 40.264702220830884 ], [ -7.70533323943738, 40.26236066411343 ], [ -7.706995406013107, 40.26180835087473 ], [ -7.711484565360365, 40.2578148843495 ], [ -7.716088122968472, 40.252908890133199 ], [ -7.722789510227642, 40.246400620592226 ], [ -7.727984325316299, 40.244920743897239 ], [ -7.729583487188108, 40.24163195644968 ], [ -7.733127218046604, 40.237652290021231 ], [ -7.735654554913708, 40.236980260830421 ], [ -7.739382166553696, 40.236487843339376 ], [ -7.741249187000335, 40.235736818599378 ], [ -7.75491332968636, 40.23276604581639 ], [ -7.757638374411385, 40.235040341338731 ], [ -7.773254145762166, 40.23632437626901 ], [ -7.777797917339967, 40.233272535898891 ], [ -7.779821438708382, 40.21347283240533 ], [ -7.784151933364967, 40.209802751295967 ], [ -7.794422135373225, 40.203083122188389 ], [ -7.798219275399219, 40.196759883661741 ], [ -7.800125405562994, 40.193959374125882 ], [ -7.803811478416947, 40.18818406374362 ], [ -7.808087752048095, 40.182276781448365 ], [ -7.824291483964771, 40.174112616304228 ], [ -7.825567288299681, 40.164456176411477 ], [ -7.838145785599465, 40.150903659376411 ], [ -7.847789509977872, 40.146400620792065 ], [ -7.856377156880228, 40.145266045091944 ], [ -7.871579996419655, 40.146400620792065 ], [ -7.876956176885983, 40.142233954733285 ], [ -7.889456176861017, 40.138067287775186 ], [ -7.911590746116019, 40.13687642440749 ], [ -7.913067288124807, 40.13112284344453 ], [ -7.921839226798852, 40.121451822843426 ], [ -7.943877156705355, 40.120266045141932 ], [ -7.949032254135147, 40.116270616295935 ], [ -7.955154079597037, 40.10478956438692 ], [ -7.975937228620182, 40.103599379108118 ], [ -7.98528950970308, 40.111932712124997 ], [ -7.991666667082995, 40.112499999975057 ], [ -8.035493638620494, 40.111882527256853 ], [ -8.047839694446282, 40.100617472718227 ], [ -8.057645331866524, 40.099190605661988 ], [ -8.058333333016833, 40.087500000025045 ], [ -8.081591118635174, 40.087853325670494 ], [ -8.089242214256728, 40.095480007396475 ], [ -8.097546386756278, 40.096186658687429 ], [ -8.101742214231763, 40.092019992628593 ], [ -8.11909111856022, 40.091313341337695 ], [ -8.127424451577156, 40.087146674379596 ], [ -8.139242215056129, 40.07535332569546 ], [ -8.153997782171871, 40.075275061295088 ], [ -8.158711603857398, 40.077967152162387 ], [ -8.162601564710371, 40.082967589582665 ], [ -8.164714931948481, 40.083889806569346 ], [ -8.172685411902194, 40.08715128970033 ], [ -8.17952440083036, 40.085046216909461 ], [ -8.190709235842519, 40.074068871681163 ], [ -8.195493749636796, 40.069430454551878 ], [ -8.205049403407202, 40.062932680099152 ], [ -8.227686253917454, 40.063446448394927 ], [ -8.233860202286451, 40.066904767041422 ], [ -8.241958528063549, 40.067179765333947 ], [ -8.242454132751959, 40.064757576301133 ], [ -8.246569793760955, 40.057539608566117 ], [ -8.249412696438753, 40.054549249448371 ], [ -8.254106798689747, 40.052730653896617 ], [ -8.256173027962802, 40.05061764189071 ], [ -8.271350622633065, 40.049328752420024 ], [ -8.28271586074834, 40.039660135706754 ], [ -8.288117472243528, 40.02700653062692 ], [ -8.299382527681473, 40.014660135756685 ], [ -8.300617472218505, 40.006173197635007 ], [ -8.305520317008984, 39.996519094180883 ], [ -8.311685153447002, 39.987732926433466 ], [ -8.315936207389996, 39.986593230892936 ], [ -8.318700842070143, 39.975303085269218 ], [ -8.325906855117239, 39.972772246442048 ], [ -8.324999555185286, 39.972079919552698 ], [ -8.325354004083977, 39.960048760442021 ], [ -8.335075547698295, 39.950353325945287 ], [ -8.344464422195301, 39.95013641756168 ], [ -8.348277625012315, 39.94654561259 ], [ -8.356893995361531, 39.941519337647378 ], [ -8.358191458069314, 39.939231652119076 ], [ -8.362811744866065, 39.935116417388826 ], [ -8.368817209746396, 39.933659480600625 ], [ -8.370589945269728, 39.933351593201508 ], [ -8.383333333266648, 39.933333333366704 ], [ -8.383994547210534, 39.940767076339569 ], [ -8.392625126848088, 39.944764469304857 ], [ -8.399345228099776, 39.950973002002513 ], [ -8.400567288049842, 39.964710489797312 ], [ -8.416099378383535, 39.981122843744288 ], [ -8.427424451876902, 39.97881334066318 ], [ -8.435757785793157, 39.974646674604401 ], [ -8.452082654590811, 39.958346557847392 ], [ -8.457975260849537, 39.964209831818323 ], [ -8.458686658762247, 39.969091118960023 ], [ -8.466313341387547, 39.976742214581577 ], [ -8.472542995562776, 39.98714192705836 ], [ -8.478421698302668, 39.986469861894648 ], [ -8.47994147431956, 39.971572537342752 ], [ -8.497968207566657, 39.970190600415947 ], [ -8.518698459366362, 39.958976067091896 ], [ -8.528072459975988, 39.957557109572974 ], [ -8.529964531937537, 39.946847533886626 ], [ -8.529905531015402, 39.930046421005557 ], [ -8.536649237672123, 39.928315735083174 ], [ -8.541666666883145, 39.92083333339167 ], [ -8.54131334123764, 39.905908881689584 ], [ -8.525353325595461, 39.889924452151774 ], [ -8.520847913700209, 39.881249999987574 ], [ -8.524646674304506, 39.877424452176797 ], [ -8.525353325595461, 39.864242214806438 ], [ -8.528813341262662, 39.860757785243663 ], [ -8.52951999255356, 39.843408880915149 ], [ -8.532980007321441, 39.835075547898271 ], [ -8.525353325595461, 39.827424452276716 ], [ -8.525100807656088, 39.821521527196751 ], [ -8.529654919638801, 39.81509753941998 ], [ -8.540470257396407, 39.803360435235959 ], [ -8.54598439926059, 39.798047276560624 ], [ -8.55189708558197, 39.795414161434451 ], [ -8.556709677109836, 39.791868259612556 ], [ -8.564103142146223, 39.79207471427668 ], [ -8.565685165637831, 39.791692012276599 ], [ -8.573372887948381, 39.786935768670844 ], [ -8.576745926583214, 39.783986019339352 ], [ -8.58483122208321, 39.779409947710974 ], [ -8.589014234219462, 39.779063014446592 ], [ -8.599396506143819, 39.778743377405021 ], [ -8.607709757299403, 39.774090745591479 ], [ -8.608956909233939, 39.75090925395898 ], [ -8.618622843269577, 39.746400621591476 ], [ -8.628247070345992, 39.745129055761367 ], [ -8.633900622415752, 39.738350083989246 ], [ -8.632766045816311, 39.726956176386466 ], [ -8.625468613985277, 39.714583333354199 ], [ -8.629733954558333, 39.701956176436454 ], [ -8.633713120963705, 39.696150311587644 ], [ -8.634352895069981, 39.693889766699442 ], [ -8.636809358165294, 39.689584222833673 ], [ -8.638810337127325, 39.687742931091464 ], [ -8.641007910586552, 39.686552810563796 ], [ -8.642321553896522, 39.685071035400028 ], [ -8.645906501583738, 39.679726210696117 ], [ -8.66909111836037, 39.678813341262753 ], [ -8.676742214881244, 39.671186660436092 ], [ -8.687499999625231, 39.670833332992004 ], [ -8.691313340937882, 39.66492445170212 ], [ -8.69166666658333, 39.658333333016969 ], [ -8.714924452201672, 39.657980007371521 ], [ -8.720833332592179, 39.65416666695819 ], [ -8.720480007846049, 39.647575548272982 ], [ -8.712853326120069, 39.639924451752108 ], [ -8.712146673929794, 39.62674221438175 ], [ -8.708347914224817, 39.622916666570973 ], [ -8.712853326120069, 39.618379550875602 ], [ -8.70868665916197, 39.61075778574326 ], [ -8.708333334415784, 39.587500000124976 ], [ -8.719091119159771, 39.58714667358015 ], [ -8.727424452176706, 39.582980008420691 ], [ -8.738387383071199, 39.571541849676692 ], [ -8.749080404037386, 39.570129055211794 ], [ -8.754733954308506, 39.563350084338992 ], [ -8.753599378608385, 39.556122843694311 ], [ -8.746400621291571, 39.543877156705491 ], [ -8.745447525183067, 39.530246041621581 ], [ -8.746368919290148, 39.528762162943508 ], [ -8.750000000399666, 39.525000000249861 ], [ -8.777210489872175, 39.525567288099921 ], [ -8.785289509902896, 39.532766045416736 ], [ -8.790451728164669, 39.5339006211168 ], [ -8.796748860271634, 39.51726514986683 ], [ -8.81666666633356, 39.516666666333663 ], [ -8.817284139051708, 39.52716013583165 ], [ -8.82162746883256, 39.540872531642094 ], [ -8.831326971862211, 39.542284308973706 ], [ -8.842403497023724, 39.546450975032542 ], [ -8.852006361604253, 39.538117642015607 ], [ -8.866666667132961, 39.537500000224895 ], [ -8.874149237896972, 39.532482401941365 ], [ -8.8755672879999, 39.5269561767862 ], [ -8.882766045316714, 39.518877156755423 ], [ -8.883900621016778, 39.510289509853067 ], [ -8.895266045291692, 39.49804382286419 ], [ -8.896400620991813, 39.489456176861154 ], [ -8.904733954908068, 39.47574666337789 ], [ -8.902467582412953, 39.465994022106486 ], [ -8.904113679902366, 39.46476847278683 ], [ -8.910761065570682, 39.454681891656037 ], [ -8.912180824385473, 39.452617984432493 ], [ -8.917470380353734, 39.443522070387303 ], [ -8.924297223937685, 39.431751697582854 ], [ -8.92556728789998, 39.426956176986039 ], [ -8.933064026583509, 39.418903603318711 ], [ -8.935338483983799, 39.411989319551481 ], [ -8.937817814140772, 39.408206901427434 ], [ -8.940558033126706, 39.40435778328515 ], [ -8.953257581871867, 39.404790242975366 ], [ -8.960075548247914, 39.412146673929897 ], [ -8.968750000412115, 39.416652085825149 ], [ -8.974999999950001, 39.412499999575346 ], [ -8.978523763161093, 39.402135044097065 ], [ -8.979281675808636, 39.38609901056094 ], [ -8.983944213654468, 39.383362833128274 ], [ -8.986962460748941, 39.380311632176131 ], [ -8.987866933212331, 39.379304383390661 ], [ -8.991414525759694, 39.37301292510648 ], [ -8.992502509383257, 39.36326480472701 ], [ -8.997723296892616, 39.3623523984445 ], [ -9.007594129765209, 39.361725362335676 ], [ -9.009052191605292, 39.342704773006915 ], [ -9.012141926708523, 39.339209832168081 ], [ -9.00659111858522, 39.333686659311923 ], [ -8.998877136970236, 39.333225837702287 ], [ -8.993379719798156, 39.332978481871521 ], [ -8.987853325570484, 39.327424452376647 ], [ -8.98298000732143, 39.318379550575855 ], [ -8.989027634217905, 39.309619414604356 ], [ -8.991617374142436, 39.302972407550612 ], [ -8.992147403979459, 39.296099375685685 ], [ -8.990960085739346, 39.29256930822703 ], [ -8.983338579611711, 39.287043075877307 ], [ -8.979221937442389, 39.280716619576367 ], [ -8.997789510377572, 39.263067287725221 ], [ -9.003505452914283, 39.26160040983109 ], [ -9.004166666858168, 39.254166666858225 ], [ -9.016313341187697, 39.244091118610299 ], [ -9.017022365789501, 39.235045538720669 ], [ -9.024999999850081, 39.229166666908213 ], [ -9.02535332459621, 39.214242214306807 ], [ -9.028813341162731, 39.210757785643352 ], [ -9.02916666680818, 39.2 ], [ -9.035757784594011, 39.199646674354597 ], [ -9.042019992428663, 39.189242214356739 ], [ -9.055878023551884, 39.175358581333512 ], [ -9.06004638663137, 39.174646674404528 ], [ -9.068379719648306, 39.179519992653582 ], [ -9.072575548023053, 39.175353325695482 ], [ -9.085757785393412, 39.174646674404528 ], [ -9.089242214956187, 39.171186658737383 ], [ -9.098257785368446, 39.170480007446429 ], [ -9.107980007970923, 39.160757785743272 ], [ -9.108900620567113, 39.151956176636304 ], [ -9.113350761928075, 39.142517429335953 ], [ -9.122789510127745, 39.138067287974991 ], [ -9.131377157030101, 39.136932712274927 ], [ -9.160289510052792, 39.10890062106688 ], [ -9.157975599394376, 39.097545708967345 ], [ -9.144091118310428, 39.083686658912256 ], [ -9.139211697261999, 39.082975599144618 ], [ -9.12951999225379, 39.073257785018825 ], [ -9.128813340962893, 39.039242214656554 ], [ -9.124999999650242, 39.03333333336667 ], [ -9.140815904330452, 39.032482571113803 ], [ -9.142233954433379, 39.026956176886131 ], [ -9.149432711750194, 39.018877156855353 ], [ -9.150567286550995, 39.003420003430449 ], [ -9.145266045691415, 38.995086670413571 ], [ -9.149432711750194, 38.989710489947186 ], [ -9.149999999600254, 38.98333333256727 ], [ -9.14256625662739, 38.98267212042208 ], [ -9.140815904330452, 38.975850762702578 ], [ -9.134184095819307, 38.974149238196844 ], [ -9.132482571313574, 38.96751742878638 ], [ -9.121579996619516, 38.961932711725296 ], [ -9.11040785014211, 38.966204834085886 ], [ -9.10221049012199, 38.958900621366638 ], [ -9.094618395422572, 38.963067288324737 ], [ -9.076956177185764, 38.961932711725296 ], [ -9.064456177210786, 38.957766045666517 ], [ -9.059079996744401, 38.953599378708418 ], [ -9.048043823263811, 38.961932711725296 ], [ -9.038246663752489, 38.967233954383516 ], [ -9.015767075889812, 38.954827881401684 ], [ -9.000899590843403, 38.953505452614593 ], [ -8.996121865131897, 38.940420131583835 ], [ -9.004980243043747, 38.929230246878433 ], [ -9.008083631654245, 38.920514489751952 ], [ -9.015555860214704, 38.911534628720176 ], [ -9.019443990048046, 38.899583815041069 ], [ -9.019582959585875, 38.889661575121636 ], [ -9.030916216010496, 38.877584075744551 ], [ -9.037604213263762, 38.867892262817747 ], [ -9.055971624990434, 38.860137940313734 ], [ -9.067271391561405, 38.85021432533091 ], [ -9.07345104343085, 38.837363878440271 ], [ -9.07896408992076, 38.829681209420357 ], [ -9.084570202752616, 38.819951425318095 ], [ -9.089783983643883, 38.801024906874034 ], [ -9.091099665716968, 38.796398250179152 ], [ -9.090861892162536, 38.767360685447329 ], [ -9.093374025091123, 38.766406226865911 ], [ -9.091855110624806, 38.76403307426699 ], [ -9.092136182039098, 38.758291437200114 ], [ -9.095789371182491, 38.747550992284516 ], [ -9.103230879801231, 38.732899937182424 ], [ -9.110237357567939, 38.723661746792231 ], [ -9.120255628894085, 38.7144264378299 ], [ -9.121856251264944, 38.713298440670542 ], [ -9.130417585802888, 38.707699774225262 ], [ -9.142034032444599, 38.705211639705453 ], [ -9.14863960413436, 38.705854312326721 ], [ -9.159114252620611, 38.703539825202824 ], [ -9.162930225349555, 38.700444793992119 ], [ -9.164669467421959, 38.699605900991571 ], [ -9.179852782679745, 38.698324784361375 ] ], [ [ -8.658820032318602, 40.827153203057946 ], [ -8.665361405904093, 40.827306365696245 ], [ -8.66883417036064, 40.812077524058566 ], [ -8.658820032318602, 40.827153203057946 ] ], [ [ -8.737473069326654, 40.63298485186948 ], [ -8.733260875089286, 40.634866858618693 ], [ -8.736285061306489, 40.638067287675256 ], [ -8.737473069326654, 40.63298485186948 ] ], [ [ -8.741276304058147, 40.630688311616325 ], [ -8.745266045591507, 40.623043823313822 ], [ -8.738067288274692, 40.622789510327664 ], [ -8.737473069326654, 40.63298485186948 ], [ -8.741276304058147, 40.630688311616325 ] ] ], [ [ [ -9.036738049221526, 38.865533654954277 ], [ -9.029083046945004, 38.866512135326843 ], [ -9.039582969978028, 38.851806640663995 ], [ -9.046725954039516, 38.835892270112254 ], [ -9.061157649206109, 38.82648128758143 ], [ -9.079998893034428, 38.812632134565433 ], [ -9.08149030893054, 38.81218556271358 ], [ -9.082305905892781, 38.81716232008506 ], [ -9.078139112130259, 38.825645445980626 ], [ -9.069346167991228, 38.835669086259372 ], [ -9.062195585557788, 38.851310729306761 ], [ -9.056916807964285, 38.857263373405999 ], [ -9.036738049221526, 38.865533654954277 ] ] ], [ [ [ -9.511249780253138, 39.408887865382724 ], [ -9.516884530196876, 39.409504482845648 ], [ -9.513193765579786, 39.419027330247161 ], [ -9.506249427369141, 39.421527862820653 ], [ -9.501689909561605, 39.418796698209121 ], [ -9.504398029945094, 39.413378396196094 ], [ -9.511249780253138, 39.408887865382724 ] ] ], [ [ [ -8.694027903165136, 40.669166565284797 ], [ -8.701249598590039, 40.662917137715795 ], [ -8.716271480144655, 40.662980631650896 ], [ -8.71584928441689, 40.664324939144706 ], [ -8.714111495648979, 40.666040985003519 ], [ -8.71237967927874, 40.667943659072648 ], [ -8.712587285075074, 40.674085771441241 ], [ -8.696119719949081, 40.678250447300343 ], [ -8.683640540178715, 40.695017099059953 ], [ -8.678054809581738, 40.691110609567033 ], [ -8.678360561990303, 40.684749604011074 ], [ -8.686898550127921, 40.680880230438333 ], [ -8.688250544127243, 40.67075042968861 ], [ -8.694027903165136, 40.669166565284797 ] ] ], [ [ [ -8.697500225155238, 40.704442975263134 ], [ -8.681210109758695, 40.708239964203017 ], [ -8.675579617205528, 40.702083586788149 ], [ -8.689548496965529, 40.700208664898014 ], [ -8.693399322920357, 40.692885926144641 ], [ -8.695973400252171, 40.68236160000788 ], [ -8.712625549429504, 40.679386786571001 ], [ -8.712395598178261, 40.681111911085907 ], [ -8.703888734677321, 40.690625188801448 ], [ -8.710638426322248, 40.695082855689293 ], [ -8.699194242120541, 40.699958037333602 ], [ -8.697500225155238, 40.704442975263134 ] ] ], [ [ [ -8.693399322920357, 40.692885926144641 ], [ -8.688651443908952, 40.698997906728039 ], [ -8.683640540178715, 40.695017099059953 ], [ -8.693399322920357, 40.692885926144641 ] ] ] ] } },
{ "type": "Feature", "properties": { "pfaf_id": 231801, "province": "Bragança", "area_km2": 18303.5, "bws_score": 2.243, "pvout": 1490.0, "solar_norm": 0.57, "water_stress_norm": 0.449, "viability": 0.314, "lon": -7.7015, "lat": 41.1281, "runoff_mm": 604.0, "avail_m3_yr": 10879681977.0, "avail_Mm3_yr": 10879.7, "bws_monthly": [ 0.171, 0.0, 0.0, 0.0, 0.028, 1.5, 2.868, 3.186, 2.861, 2.139, 1.476, 0.76 ], "coastal": false }, "geometry": { "type": "Polygon", "coordinates": [ [ [ -8.242517428836209, 40.874149237997017 ], [ -8.260543823038972, 40.882766045416702 ], [ -8.268622843069693, 40.875567288099944 ], [ -8.281377156930205, 40.874432712399823 ], [ -8.288246662553377, 40.870266045441724 ], [ -8.293622843019762, 40.874432712399823 ], [ -8.306377156880217, 40.875567288099944 ], [ -8.314456176910994, 40.882766045416702 ], [ -8.321579996419644, 40.883900621116823 ], [ -8.326956176886029, 40.879733954158723 ], [ -8.338437228795044, 40.878599377559283 ], [ -8.349080403937421, 40.888082885916504 ], [ -8.350850762552625, 40.89498257098893 ], [ -8.360289509852976, 40.899432712349835 ], [ -8.379166666308549, 40.900000000199896 ], [ -8.379519992853318, 40.910757785843202 ], [ -8.389209662695748, 40.924641926983384 ], [ -8.398257784968735, 40.925353325795413 ], [ -8.401742215430829, 40.928813340563295 ], [ -8.414924451901868, 40.929519992753512 ], [ -8.418408880565323, 40.932980008420714 ], [ -8.428315904855083, 40.93418409541971 ], [ -8.434293280310612, 40.945177544807905 ], [ -8.44804382356358, 40.946400620991938 ], [ -8.456122843594301, 40.953599379208015 ], [ -8.461285060956754, 40.954733954908136 ], [ -8.467517429285863, 40.938350762377809 ], [ -8.478198920044065, 40.932937283428942 ], [ -8.483729383704031, 40.921801079256454 ], [ -8.493801540608558, 40.917309569980716 ], [ -8.498738267357112, 40.920809936429464 ], [ -8.508976236763885, 40.943801540708591 ], [ -8.521405707407439, 40.95754157178618 ], [ -8.536748928420252, 40.959106784250764 ], [ -8.538142903671996, 40.975321790967939 ], [ -8.532690430119203, 40.987821790942974 ], [ -8.541643270120801, 41.002904934315325 ], [ -8.549035644279513, 41.005131022578666 ], [ -8.55480957060513, 41.016988457851085 ], [ -8.550606282354011, 41.022916665571699 ], [ -8.553576341075257, 41.027180141850124 ], [ -8.557482570664035, 41.030017429161092 ], [ -8.574432712000032, 41.064456176411454 ], [ -8.591099378933166, 41.089456176361523 ], [ -8.59223395463323, 41.096579996769492 ], [ -8.58796861406023, 41.102083333279268 ], [ -8.592062717420447, 41.107365586752508 ], [ -8.598043823263765, 41.108900621566477 ], [ -8.609079996744413, 41.117233954583412 ], [ -8.617413329761291, 41.111932711925192 ], [ -8.632677544433079, 41.121793280835277 ], [ -8.63368665931182, 41.131591118435438 ], [ -8.641313341037801, 41.139242214956312 ], [ -8.64166666668325, 41.145833333641463 ], [ -8.649999999700185, 41.145833333641463 ], [ -8.649338785756299, 41.153267076614327 ], [ -8.643622843219589, 41.154733955407778 ], [ -8.635543823188868, 41.161932711825216 ], [ -8.625746663677546, 41.167233953584116 ], [ -8.610289510252642, 41.166099378783372 ], [ -8.604166666758204, 41.162499999675276 ], [ -8.597548420922863, 41.162854682397722 ], [ -8.58368665941174, 41.176742214881358 ], [ -8.582980007221522, 41.185757785293617 ], [ -8.578808932686059, 41.194121805876705 ], [ -8.569091118560209, 41.20381334091303 ], [ -8.55590888118985, 41.204519992203927 ], [ -8.551713053714423, 41.208686659162026 ], [ -8.535075548197938, 41.207980007871129 ], [ -8.527424451677064, 41.200353326145148 ], [ -8.509491983568125, 41.208447265928612 ], [ -8.503835720941709, 41.219971889990802 ], [ -8.493673026588851, 41.221450975282323 ], [ -8.488361612598283, 41.225331116437928 ], [ -8.486697386575088, 41.236764865805981 ], [ -8.47181972929701, 41.238217162991759 ], [ -8.469846937785917, 41.24511616997529 ], [ -8.455153062363877, 41.246550496008638 ], [ -8.453549194339814, 41.252160135981569 ], [ -8.445536635107601, 41.261393568058793 ], [ -8.434194946639423, 41.266997782421754 ], [ -8.432715861347901, 41.277160135931581 ], [ -8.425617471968735, 41.285339863843717 ], [ -8.424264866430406, 41.299197387749302 ], [ -8.414506361579299, 41.300617642090572 ], [ -8.401088121419605, 41.312860276780384 ], [ -8.400000000199782, 41.320833333291773 ], [ -8.393408882413951, 41.321186658937222 ], [ -8.380879720122948, 41.32951999285342 ], [ -8.348257785068654, 41.328813340663203 ], [ -8.339924452051775, 41.332980007621302 ], [ -8.330908881639516, 41.333686658912256 ], [ -8.322902425206735, 41.341667514344351 ], [ -8.312853326020161, 41.331591118935023 ], [ -8.311649238121788, 41.325850931575303 ], [ -8.306122843894059, 41.324432712399812 ], [ -8.293761529271137, 41.312959797556687 ], [ -8.276956176985948, 41.321400621141777 ], [ -8.267586262895691, 41.329749552000294 ], [ -8.257766045666415, 41.352210489722381 ], [ -8.240697564341076, 41.370166863609938 ], [ -8.228420003580254, 41.371400621041857 ], [ -8.219896104221789, 41.366099378383637 ], [ -8.204166666658296, 41.379166667108052 ], [ -8.19337971959834, 41.374646675403824 ], [ -8.176742214981175, 41.375353325795402 ], [ -8.168408881064977, 41.379519992753501 ], [ -8.160757785443423, 41.379519992753501 ], [ -8.152424452426487, 41.375353325795402 ], [ -8.141463191572996, 41.377577999425171 ], [ -8.139904241987153, 41.378213349766327 ], [ -8.135543823288742, 41.375567288000013 ], [ -8.124253336821994, 41.374432712299893 ], [ -8.117634412897814, 41.379562547773389 ], [ -8.116099378983108, 41.385543823588648 ], [ -8.108900621666294, 41.393622843619369 ], [ -8.107766045066853, 41.402210489622462 ], [ -8.103279283312247, 41.41179148359015 ], [ -8.093622843419439, 41.41306728792506 ], [ -8.078420002980693, 41.421400620941938 ], [ -8.06363728803035, 41.412235344885289 ], [ -8.058333333016833, 41.425000000050034 ], [ -8.058900620866893, 41.435543822589409 ], [ -8.062895880640326, 41.440698920019202 ], [ -8.07023484855938, 41.442582363885037 ], [ -8.070833332991867, 41.46249999997508 ], [ -8.075567287800027, 41.471579996919388 ], [ -8.067135450240812, 41.485416666446042 ], [ -8.071400620841928, 41.493877156405688 ], [ -8.079749552599708, 41.503246901423438 ], [ -8.091047498942885, 41.509323798554533 ], [ -8.092290242400736, 41.532424078708345 ], [ -8.099149068574604, 41.534184265091824 ], [ -8.099006991879151, 41.540883552434025 ], [ -8.089519076843885, 41.542296855015877 ], [ -8.081314256048017, 41.549369811567601 ], [ -8.072980923031139, 41.55353647942502 ], [ -8.064519076893816, 41.554796854990911 ], [ -8.058373345653308, 41.559660848169642 ], [ -8.062997266610523, 41.566085815308156 ], [ -8.061740959577548, 41.578410678609998 ], [ -8.046841430787367, 41.579897731894846 ], [ -8.04520314570857, 41.585480922806369 ], [ -8.037019855581832, 41.594973924407157 ], [ -8.02701907696877, 41.596463520974794 ], [ -8.018814256172959, 41.603536478425781 ], [ -8.010352410035637, 41.604796854890992 ], [ -8.000029691217208, 41.612496623620359 ], [ -7.989710489647337, 41.604733955407767 ], [ -7.977544575221941, 41.60330681855487 ], [ -7.976192618094785, 41.603347061417821 ], [ -7.96656726326853, 41.604045233900479 ], [ -7.960457816974611, 41.600287116357379 ], [ -7.93333333326666, 41.599999999700287 ], [ -7.925617642040493, 41.610339864093532 ], [ -7.924197387699223, 41.620098198972755 ], [ -7.916666666333526, 41.62083333359152 ], [ -7.908900621166708, 41.635289510102837 ], [ -7.907624816831799, 41.644945949995645 ], [ -7.901956176836052, 41.646400621391592 ], [ -7.896186658987062, 41.65242445222674 ], [ -7.900353325945161, 41.656620449674051 ], [ -7.899644300444038, 41.664953104602148 ], [ -7.889924452051787, 41.674646673904931 ], [ -7.880152892641831, 41.675717163016714 ], [ -7.878007846784669, 41.683219401054544 ], [ -7.872916666870651, 41.686938476329658 ], [ -7.86713578968488, 41.682715691675867 ], [ -7.855093044608282, 41.688426377675228 ], [ -7.853180440225117, 41.695116169975336 ], [ -7.838302612075836, 41.696568468060377 ], [ -7.836705864883697, 41.707539197875747 ], [ -7.82700653092661, 41.708950975207415 ], [ -7.814660136056375, 41.716049024642814 ], [ -7.789506531001564, 41.717284308224293 ], [ -7.785493469148264, 41.720215691600913 ], [ -7.768622843169624, 41.721400621241742 ], [ -7.75925309905125, 41.729749552100202 ], [ -7.757766045766346, 41.735543822889156 ], [ -7.746400620592112, 41.747789509878032 ], [ -7.738067287575234, 41.760289509853067 ], [ -7.736791483240324, 41.769945949745818 ], [ -7.729794480730675, 41.771741401244697 ], [ -7.728599378858178, 41.792413330211048 ], [ -7.732766045816334, 41.797789509778113 ], [ -7.729166666708238, 41.812500000174907 ], [ -7.734242587825122, 41.824376423733042 ], [ -7.745833333641372, 41.825000000149942 ], [ -7.745480007995923, 41.856591118785161 ], [ -7.737853325370622, 41.864242214406715 ], [ -7.737146674079725, 41.869091118760196 ], [ -7.717233954583264, 41.889456176561339 ], [ -7.715963744930832, 41.89907074042236 ], [ -7.708601567308449, 41.905717600886646 ], [ -7.700896297426141, 41.908019481314057 ], [ -7.687794210334516, 41.902183529646209 ], [ -7.677359162595224, 41.893224715448298 ], [ -7.668792528352469, 41.893147058989655 ], [ -7.666866778578935, 41.889313697868886 ], [ -7.653845789651427, 41.881198880324121 ], [ -7.625399110080821, 41.879898070339721 ], [ -7.618751524763013, 41.884857180314668 ], [ -7.607401489686936, 41.879481316409681 ], [ -7.591174484215003, 41.880617143066729 ], [ -7.584060430444481, 41.875791550040049 ], [ -7.592141231132871, 41.870194754184638 ], [ -7.598733637647229, 41.868881908573258 ], [ -7.600129531152902, 41.860814284751484 ], [ -7.610104326553369, 41.848270414947763 ], [ -7.614130761325555, 41.836306677111509 ], [ -7.614146375354892, 41.83012962428279 ], [ -7.598937513055716, 41.833037056914691 ], [ -7.574070934725796, 41.829809190441836 ], [ -7.559459924635746, 41.83429527500698 ], [ -7.5389388794257, 41.836932661912897 ], [ -7.520987129852131, 41.84210052431979 ], [ -7.506119229318927, 41.85105814421803 ], [ -7.513077019588764, 41.861742019978294 ], [ -7.502200130431618, 41.869380949571223 ], [ -7.491267200021241, 41.871242520126259 ], [ -7.485192456766413, 41.861367543177607 ], [ -7.472839354752352, 41.863759995227667 ], [ -7.452526094303778, 41.865070339824399 ], [ -7.445964337584087, 41.857321742404565 ], [ -7.448714494977935, 41.853027345635553 ], [ -7.443726059909693, 41.839366909955004 ], [ -7.427823035204881, 41.832655224559005 ], [ -7.425629139972784, 41.828117369620941 ], [ -7.430799724627548, 41.822298050015036 ], [ -7.424874246349361, 41.816719056239492 ], [ -7.427833557272777, 41.807976722347917 ], [ -7.406493980612652, 41.818625133343289 ], [ -7.397559354580494, 41.826824188585476 ], [ -7.39170169957373, 41.834969840285964 ], [ -7.390199960359837, 41.842206478845981 ], [ -7.37967682042887, 41.845054629967251 ], [ -7.363834859690996, 41.852743144580529 ], [ -7.356396439344167, 41.8405323000257 ], [ -7.341459034706645, 41.84418678509212 ], [ -7.322152617449262, 41.844132898614419 ], [ -7.31509899991886, 41.84270095758319 ], [ -7.300380945324321, 41.85157585064502 ], [ -7.283509970408772, 41.852386475255685 ], [ -7.269825694600058, 41.860712050720622 ], [ -7.257530924412606, 41.86593818559885 ], [ -7.245395978141858, 41.868582410050237 ], [ -7.232951003186201, 41.867328643602093 ], [ -7.219205737154994, 41.873123804719853 ], [ -7.208378950128406, 41.879873910052936 ], [ -7.200484157118126, 41.879350078343521 ], [ -7.196039200348764, 41.880828859664177 ], [ -7.18529717082771, 41.896375528907583 ], [ -7.181384565045619, 41.913249015629617 ], [ -7.173971026241816, 41.918918337311482 ], [ -7.180051646566199, 41.931650793149629 ], [ -7.183134077375712, 41.932618142613251 ], [ -7.187938369959738, 41.942757924938348 ], [ -7.182292120385, 41.952137540015485 ], [ -7.187591076067235, 41.956813047883884 ], [ -7.184652393792874, 41.972564442395139 ], [ -7.177922724653968, 41.980081559716268 ], [ -7.165209254403521, 41.979595818792063 ], [ -7.158680400280218, 41.976612409635038 ], [ -7.151463029695037, 41.986774445684148 ], [ -7.141394374750575, 41.990741730246725 ], [ -7.118716362270277, 41.986362459959594 ], [ -7.08723386015447, 41.972993213066388 ], [ -7.084627629361535, 41.964487075318345 ], [ -7.076399561990172, 41.951643626951864 ], [ -7.065363880438667, 41.948913570305081 ], [ -7.053098199722115, 41.949188229553215 ], [ -7.043542386771662, 41.954970040235196 ], [ -7.036343896553547, 41.951142626331205 ], [ -7.012766359679688, 41.950052260403538 ], [ -7.006210087925183, 41.951140084847111 ], [ -6.999290226562664, 41.962342263284881 ], [ -6.983229065968601, 41.973105618429599 ], [ -6.968667030259212, 41.972026819582084 ], [ -6.957778930153438, 41.968929290054746 ], [ -6.944592709685764, 41.945196149782532 ], [ -6.934721469420253, 41.94633483988099 ], [ -6.925861839652157, 41.943912509654638 ], [ -6.91087520342785, 41.943803787015213 ], [ -6.892470958168133, 41.939838408116088 ], [ -6.874842758586396, 41.943868638027254 ], [ -6.869049549896772, 41.948340101414601 ], [ -6.848833079882695, 41.942382809619005 ], [ -6.82182900010821, 41.945972442774064 ], [ -6.809988980207208, 41.969532010294074 ], [ -6.811319830245907, 41.992507930396698 ], [ -6.797474145015713, 41.988592150007776 ], [ -6.785519119811511, 41.98872756992148 ], [ -6.768811702797791, 41.984078726951736 ], [ -6.7670755400041, 41.974212645197497 ], [ -6.758839129622061, 41.960727689731129 ], [ -6.750555989567204, 41.943634030086457 ], [ -6.726381659885647, 41.93707370778543 ], [ -6.720707893754252, 41.938368479721589 ], [ -6.699361639627909, 41.93332799009471 ], [ -6.635732170403287, 41.94203948983062 ], [ -6.62544203042529, 41.939739229981512 ], [ -6.61853790360135, 41.940631865568207 ], [ -6.608152699887171, 41.948527718879177 ], [ -6.599560499717256, 41.948266985632927 ], [ -6.589149950409819, 41.962913509950567 ], [ -6.588283059715366, 41.967536929985386 ], [ -6.574894909972045, 41.96083450041192 ], [ -6.549368859685103, 41.944530489590477 ], [ -6.546485900303992, 41.939441680289349 ], [ -6.549056581795753, 41.923933573975319 ], [ -6.557470084876456, 41.910713199954273 ], [ -6.56183663964913, 41.895774838438115 ], [ -6.565768242710192, 41.894016263639685 ], [ -6.571154119666858, 41.883483890369291 ], [ -6.555119040311411, 41.879516600410852 ], [ -6.537467479940176, 41.876682279963291 ], [ -6.517535448402157, 41.874890325028503 ], [ -6.515751073852925, 41.87049560438868 ], [ -6.525312806141017, 41.860646057569568 ], [ -6.522589862232337, 41.853771209074068 ], [ -6.528254110838475, 41.84726969344166 ], [ -6.52645583007245, 41.842839241837567 ], [ -6.53218205635676, 41.833474476366064 ], [ -6.528804141597789, 41.828032494304239 ], [ -6.538309730109916, 41.81290563039056 ], [ -6.539324699575161, 41.801373959240891 ], [ -6.546988963969454, 41.794937131843199 ], [ -6.544018285615323, 41.784345500444545 ], [ -6.5536821494116, 41.769524097559099 ], [ -6.554672954992839, 41.758480070299072 ], [ -6.558515310233361, 41.75336933102983 ], [ -6.566966174749098, 41.748378755575175 ], [ -6.56747210095665, 41.742192268858162 ], [ -6.556171989945312, 41.737664793895192 ], [ -6.556828977075611, 41.727325440316861 ], [ -6.552382549914682, 41.723283129812671 ], [ -6.553425887594585, 41.717029888218804 ], [ -6.54853831599047, 41.713024139652362 ], [ -6.550417739886711, 41.70248540008123 ], [ -6.554920037429724, 41.698238373302331 ], [ -6.548253060030675, 41.685581209605175 ], [ -6.534687039675077, 41.676817576170265 ], [ -6.527526019709967, 41.674882889833555 ], [ -6.519258025137731, 41.669105529896342 ], [ -6.512026549585528, 41.660993580289528 ], [ -6.500086623099151, 41.65725707975048 ], [ -6.488707069575526, 41.657505039925695 ], [ -6.469211579750549, 41.666236875131744 ], [ -6.457342150220029, 41.666584009844257 ], [ -6.452500819956811, 41.675437929816667 ], [ -6.452342030260468, 41.680896759777681 ], [ -6.440626145580097, 41.684397379835275 ], [ -6.426192044727031, 41.67960930022906 ], [ -6.411576509248448, 41.678545000251631 ], [ -6.406565029952105, 41.680889129929483 ], [ -6.395989890321118, 41.677188870270186 ], [ -6.374507899719731, 41.673736569886842 ], [ -6.354646209554858, 41.676391599692636 ], [ -6.316316129985353, 41.665061950448717 ], [ -6.302762746903227, 41.661911965265062 ], [ -6.292267101045809, 41.657350713564654 ], [ -6.279304133678806, 41.649421232803718 ], [ -6.282980007321441, 41.644091118310541 ], [ -6.283687676644888, 41.626714918658649 ], [ -6.293408881214873, 41.61701999227887 ], [ -6.301433001231999, 41.616391052305289 ], [ -6.30590888118985, 41.612853325320771 ], [ -6.314924453400749, 41.612146674029816 ], [ -6.318408881164885, 41.608686659261991 ], [ -6.33995327392438, 41.607979159910371 ], [ -6.353813341112755, 41.585757785393525 ], [ -6.354519992403652, 41.576742214981266 ], [ -6.357980007171534, 41.573257785418491 ], [ -6.357980007171534, 41.560075548048133 ], [ -6.346186659386774, 41.548257784569159 ], [ -6.3454800071965, 41.535075548098121 ], [ -6.341666666783226, 41.524999999850138 ], [ -6.354707167401784, 41.520228238442485 ], [ -6.36174180743842, 41.525443861145334 ], [ -6.371138847779548, 41.524055142430939 ], [ -6.367271593009548, 41.518839348856943 ], [ -6.366061739557608, 41.505495368416575 ], [ -6.373006184787528, 41.503561570610032 ], [ -6.382275730040874, 41.495464070410549 ], [ -6.383950804585936, 41.481173197385203 ], [ -6.388294135266108, 41.467460801574759 ], [ -6.39926486508142, 41.465864054382678 ], [ -6.399646674054736, 41.455908881289872 ], [ -6.395847914349702, 41.452083332579775 ], [ -6.408333333616383, 41.429166667008133 ], [ -6.418877156155759, 41.428599379158072 ], [ -6.428315904355429, 41.424149067825283 ], [ -6.429733953559037, 41.418622843569437 ], [ -6.436932711775171, 41.41054382443798 ], [ -6.44109937873327, 41.402210489622462 ], [ -6.442233954433391, 41.393622843619369 ], [ -6.465698919569434, 41.378770786442715 ], [ -6.467566256577413, 41.371494547135683 ], [ -6.481377156930193, 41.370266045341793 ], [ -6.494945949895623, 41.365958150648169 ], [ -6.495480007796061, 41.351742215430932 ], [ -6.491313340837962, 41.3475462170843 ], [ -6.49201999212886, 41.330908882439019 ], [ -6.495480007796061, 41.322575547623501 ], [ -6.483686659111981, 41.310757785043791 ], [ -6.482980007821084, 41.301742214631531 ], [ -6.476400077601454, 41.295805442667074 ], [ -6.484858039566802, 41.292526250086439 ], [ -6.491412323819645, 41.285283409801593 ], [ -6.478631257826237, 41.27684115989166 ], [ -6.480000495426452, 41.273759840644175 ], [ -6.499114353444611, 41.265131633418207 ], [ -6.509435056882296, 41.264057160309733 ], [ -6.513518809945083, 41.266231540253443 ], [ -6.517740090033101, 41.274642943417177 ], [ -6.522792340094384, 41.275135043447563 ], [ -6.53139877023699, 41.26626967960209 ], [ -6.547628880168645, 41.25713158015833 ], [ -6.551118969165032, 41.246244748096672 ], [ -6.567203879955059, 41.242516517723175 ], [ -6.570950350378325, 41.239218394413399 ], [ -6.584600930388604, 41.240955350409138 ], [ -6.589028839609227, 41.254318239994859 ], [ -6.595358369792905, 41.252412795114481 ], [ -6.599172829862141, 41.243570325310316 ], [ -6.609678903358656, 41.24939600672036 ], [ -6.620003104259808, 41.247602460884934 ], [ -6.629326222127418, 41.242775919972757 ], [ -6.641409394427967, 41.247707365002952 ], [ -6.648357200424414, 41.247488402567797 ], [ -6.653162183687755, 41.235326291375316 ], [ -6.660899404683732, 41.233623505120704 ], [ -6.671027340239505, 41.223522186799528 ], [ -6.680208919206223, 41.219177245433571 ], [ -6.685148950063933, 41.212011334955207 ], [ -6.690468550583091, 41.210419972004161 ], [ -6.688268424847877, 41.202438354846265 ], [ -6.692424617402139, 41.193167370677656 ], [ -6.698292413164268, 41.193047843583145 ], [ -6.697654369353643, 41.184385302939404 ], [ -6.707015514154591, 41.178024292886846 ], [ -6.708795544978386, 41.172979355213101 ], [ -6.719718929984595, 41.165752410445464 ], [ -6.730509995040165, 41.161739350390746 ], [ -6.740674494332382, 41.149004939426447 ], [ -6.754065867245913, 41.139789581923708 ], [ -6.767427444720738, 41.135133744926463 ], [ -6.770929179937639, 41.124553679708583 ], [ -6.755178924867437, 41.105525970447218 ], [ -6.757062910125171, 41.099464420246875 ], [ -6.769219879893512, 41.088527680308232 ], [ -6.774325850057892, 41.077053070243039 ], [ -6.789856194807498, 41.057544704824295 ], [ -6.801624769867203, 41.048439030436953 ], [ -6.808084010168898, 41.045524600180215 ], [ -6.807711119772307, 41.038085939714392 ], [ -6.818137169794511, 41.032615659585076 ], [ -6.835923189603477, 41.028141019792258 ], [ -6.868515970435624, 41.026859279931898 ], [ -6.877951150125455, 41.02785109994835 ], [ -6.902081969707069, 41.033729549978773 ], [ -6.911510939578136, 41.0379142798202 ], [ -6.919478889738912, 41.036983489596423 ], [ -6.931068610328055, 41.02952194228385 ], [ -6.931591272019546, 41.017216683303332 ], [ -6.924451590268632, 41.010528566440257 ], [ -6.920560599691896, 41.001703264693958 ], [ -6.908553402117775, 40.998620984970557 ], [ -6.903403759975504, 40.989707947164106 ], [ -6.890355872325586, 40.980841827888071 ], [ -6.88552030042149, 40.971483866687151 ], [ -6.874948096177661, 40.960732746818849 ], [ -6.866978646847031, 40.957661946941357 ], [ -6.859007359302154, 40.949518205400921 ], [ -6.85240880772028, 40.935368853290015 ], [ -6.852629180292411, 40.930347440082357 ], [ -6.847673573176792, 40.924594879849906 ], [ -6.849084694902729, 40.903139750199387 ], [ -6.838525056885828, 40.890753747387578 ], [ -6.820325533296682, 40.881326040164652 ], [ -6.810078164175877, 40.882770540228307 ], [ -6.802314039960947, 40.862064360581826 ], [ -6.803788901136841, 40.856992246295192 ], [ -6.800363184713149, 40.848513127778688 ], [ -6.814360617948125, 40.842058562152999 ], [ -6.825776173131828, 40.843598365172454 ], [ -6.821532009794396, 40.836227036048911 ], [ -6.82383442262045, 40.832201958353721 ], [ -6.823581833634648, 40.818073750203439 ], [ -6.817443609934628, 40.807364779760803 ], [ -6.817032621558212, 40.797142029581039 ], [ -6.82559776292635, 40.784541446730429 ], [ -6.827588795386532, 40.772895812591742 ], [ -6.8259829668404, 40.767935436371317 ], [ -6.830955663772841, 40.752355576748528 ], [ -6.828500191730427, 40.738786061627479 ], [ -6.810919420594757, 40.716748372739289 ], [ -6.813126087998512, 40.708795547376667 ], [ -6.807247026429081, 40.697932924165173 ], [ -6.802008033943537, 40.678521635165396 ], [ -6.804872989796593, 40.667385100042395 ], [ -6.794058956055949, 40.661122640397593 ], [ -6.799190999365067, 40.654891969988455 ], [ -6.806119919598586, 40.63300895999555 ], [ -6.815694333226872, 40.617867789666832 ], [ -6.827670416956153, 40.602957409656767 ], [ -6.838717939880951, 40.592720030205271 ], [ -6.836982250130688, 40.585196176962029 ], [ -6.844979879717641, 40.566492079745728 ], [ -6.827297329608029, 40.561583517965062 ], [ -6.823490854619195, 40.558425900235136 ], [ -6.807356597129228, 40.554532053411606 ], [ -6.801032063578816, 40.550130845062483 ], [ -6.805358889900788, 40.5407600397441 ], [ -6.804217341756896, 40.531405450101488 ], [ -6.797528505436105, 40.522558214789854 ], [ -6.795554397317517, 40.511948901820404 ], [ -6.811135926981422, 40.504787446583464 ], [ -6.81767559005641, 40.495143888579662 ], [ -6.817659696337842, 40.490458173406012 ], [ -6.824031830104843, 40.482250210378936 ], [ -6.835130692627331, 40.475436210013129 ], [ -6.847399949947658, 40.456714629976261 ], [ -6.849500537819495, 40.450937270039049 ], [ -6.83875990044902, 40.41500854490846 ], [ -6.835066800292566, 40.408485409574041 ], [ -6.821821052799294, 40.395626070187063 ], [ -6.812925340432059, 40.391162236647972 ], [ -6.808887004931307, 40.383785245392801 ], [ -6.803655150364875, 40.38153457955724 ], [ -6.792706012372548, 40.371947287637283 ], [ -6.784663316858541, 40.369935032975434 ], [ -6.781253790030348, 40.364176748558179 ], [ -6.7936894902777, 40.355898859644697 ], [ -6.790504613197299, 40.333972930406446 ], [ -6.794793308264502, 40.328382808419917 ], [ -6.804207084988946, 40.324420930581539 ], [ -6.816523342678067, 40.324982978981325 ], [ -6.825198409978611, 40.32223891989031 ], [ -6.828674879641937, 40.317841214400573 ], [ -6.839843937847434, 40.31359329189695 ], [ -6.847292301998095, 40.307225227562242 ], [ -6.861506818085161, 40.299277305303463 ], [ -6.863999604797868, 40.295652389945872 ], [ -6.864417554826275, 40.284578325329505 ], [ -6.862220760179866, 40.27916335980126 ], [ -6.864646854968328, 40.270509770109868 ], [ -6.869933742648072, 40.270172118748349 ], [ -6.871329928433397, 40.262790849418195 ], [ -6.902210490022071, 40.261932711825239 ], [ -6.913246664401981, 40.257766045766459 ], [ -6.918622843069727, 40.261932711825239 ], [ -6.956387262562089, 40.262101459714643 ], [ -6.961078355681536, 40.266802136909121 ], [ -6.963356089312015, 40.267272729652802 ], [ -6.964592109438229, 40.266910229123823 ], [ -6.972943082657082, 40.270505893132508 ], [ -6.979686463759265, 40.272683552903686 ], [ -6.988775285750762, 40.27859053932201 ], [ -6.993336744295277, 40.279522739682761 ], [ -7.002424452026787, 40.279519992253881 ], [ -7.008333333316614, 40.283333333566532 ], [ -7.009186531832938, 40.287145147830358 ], [ -7.019344414812849, 40.288155449814212 ], [ -7.02626071486003, 40.275053235918165 ], [ -7.030674210646282, 40.278466228733521 ], [ -7.03422551559504, 40.279122757209507 ], [ -7.036334863762931, 40.279631736615386 ], [ -7.04423816435974, 40.278769544878628 ], [ -7.047916666720766, 40.275627983644597 ], [ -7.054871895721362, 40.278906687893368 ], [ -7.056780375813673, 40.278555763437794 ], [ -7.073578872566884, 40.278866544855191 ], [ -7.079734574590873, 40.278747866720721 ], [ -7.08489108125832, 40.279468681434537 ], [ -7.086233123359932, 40.280013658003952 ], [ -7.087953915840501, 40.288551095756532 ], [ -7.08834131140236, 40.292659146702306 ], [ -7.088155449414387, 40.297955661624542 ], [ -7.098841096839124, 40.312847063241406 ], [ -7.099282773681011, 40.316093335239259 ], [ -7.104384358751133, 40.32829454175976 ], [ -7.117248195647676, 40.329822116697358 ], [ -7.127044338925032, 40.321488782781159 ], [ -7.131591118735116, 40.321186659137084 ], [ -7.145475599819008, 40.335045708292853 ], [ -7.146186658687327, 40.33992445215182 ], [ -7.155882094083324, 40.349645995766139 ], [ -7.17083333299189, 40.350000000399746 ], [ -7.158952500957128, 40.359323798154833 ], [ -7.158333333016856, 40.370833333391658 ], [ -7.165895250065716, 40.371604750259053 ], [ -7.167309400708234, 40.385468207891506 ], [ -7.175356546967009, 40.394865248232691 ], [ -7.183655123884819, 40.396476237088734 ], [ -7.19041680259329, 40.391681925180762 ], [ -7.192630853431069, 40.399035644679316 ], [ -7.197968377438599, 40.400642904046833 ], [ -7.206198289319559, 40.407690429569698 ], [ -7.216843329655887, 40.409312608690016 ], [ -7.213142735448855, 40.414531792708146 ], [ -7.211857266099912, 40.423552110641424 ], [ -7.219869147243287, 40.425964355870406 ], [ -7.22528923890718, 40.436679417421203 ], [ -7.237499999825104, 40.437500000224873 ], [ -7.22499999985007, 40.458333333216785 ], [ -7.225529480201317, 40.477248128098665 ], [ -7.232803853415078, 40.489418538234986 ], [ -7.233862813218195, 40.496773952955607 ], [ -7.22955847804127, 40.502088419245183 ], [ -7.234410942810712, 40.507727728751718 ], [ -7.246933492386745, 40.508862983439997 ], [ -7.257576666629802, 40.499045816711146 ], [ -7.263440789560718, 40.491137016759978 ], [ -7.271774122577654, 40.496362982565643 ], [ -7.276918368787619, 40.492196317406183 ], [ -7.285581631586979, 40.491137016759978 ], [ -7.296774123426985, 40.486970350701199 ], [ -7.304166666658318, 40.491666667083052 ], [ -7.303568183125094, 40.511584472245659 ], [ -7.292566256727298, 40.513161214018851 ], [ -7.290698920618638, 40.520437283353999 ], [ -7.278599378858189, 40.526214939168142 ], [ -7.27973395455831, 40.531377157429915 ], [ -7.288067287575188, 40.540729437613493 ], [ -7.27973395455831, 40.556122842595187 ], [ -7.278198920643604, 40.562103949337825 ], [ -7.262499999775116, 40.570833332991981 ], [ -7.266099378883155, 40.581122843444518 ], [ -7.267233954583276, 40.604913329886301 ], [ -7.261932711925056, 40.614710490296943 ], [ -7.254733954608298, 40.622789510327664 ], [ -7.253599378908177, 40.63010389527858 ], [ -7.263082884567439, 40.640747070421014 ], [ -7.271097988881024, 40.642803954838712 ], [ -7.263067287625177, 40.656122843294611 ], [ -7.261932711925056, 40.681377156230837 ], [ -7.254166666758238, 40.699999999700253 ], [ -7.254519992403687, 40.723257785318594 ], [ -7.264924452401488, 40.72951999225387 ], [ -7.276742214981198, 40.741313340938007 ], [ -7.285416666246078, 40.745818752833202 ], [ -7.289583672248625, 40.741680908247361 ], [ -7.296186659286832, 40.751713053414733 ], [ -7.291313341037835, 40.760046386431668 ], [ -7.295833333641383, 40.766666667432787 ], [ -7.30659111838537, 40.766313340888019 ], [ -7.310075547948145, 40.762853326120137 ], [ -7.319091118360404, 40.762146673929919 ], [ -7.327082655040442, 40.754180569178004 ], [ -7.330908880940058, 40.75798000787114 ], [ -7.360543823038938, 40.757766045666528 ], [ -7.365698919569411, 40.753770615921212 ], [ -7.367517598758127, 40.746684095794421 ], [ -7.375746662578365, 40.750567286551075 ], [ -7.38112284304475, 40.746400621391615 ], [ -7.394618394323402, 40.745266045691494 ], [ -7.396400621291605, 40.752210490022151 ], [ -7.404562547123817, 40.765698919569559 ], [ -7.414456176911017, 40.770266045641563 ], [ -7.427210489872152, 40.771400621341627 ], [ -7.43528950990293, 40.778599378658441 ], [ -7.443877156805286, 40.779733954358562 ], [ -7.456122843794162, 40.786932712574696 ], [ -7.46577928368697, 40.788208346937722 ], [ -7.467546420930546, 40.795094469334344 ], [ -7.475746663277846, 40.796400621291696 ], [ -7.481122843744174, 40.792233954333597 ], [ -7.496792941341141, 40.791099378633476 ], [ -7.50829315240702, 40.801530286793366 ], [ -7.504733954108644, 40.806122843894173 ], [ -7.504519992803353, 40.819091119059976 ], [ -7.508333333216683, 40.825000000349803 ], [ -7.518408880565346, 40.828813340763134 ], [ -7.530882263305784, 40.829519992054031 ], [ -7.539242213557259, 40.821186659037153 ], [ -7.543382263280762, 40.820480007746198 ], [ -7.551742214431613, 40.828813340763134 ], [ -7.554733954908045, 40.835289509903021 ], [ -7.553599379207924, 40.848785061181673 ], [ -7.561838786131034, 40.850899590343886 ], [ -7.562853325720369, 40.860757785043802 ], [ -7.566317894655072, 40.867464611402738 ], [ -7.567433166407454, 40.874087863763975 ], [ -7.588440788911214, 40.870303683867974 ], [ -7.595833333041867, 40.875000000249884 ], [ -7.620052422880974, 40.874322170431867 ], [ -7.621476067666322, 40.860365125749979 ], [ -7.625642733725158, 40.852031792733101 ], [ -7.633834669034684, 40.842465549445592 ], [ -7.647968377438644, 40.84102376263661 ], [ -7.664588249947712, 40.833936225376533 ], [ -7.672864956252681, 40.84102376263661 ], [ -7.687821790742987, 40.842309570130624 ], [ -7.697968377338668, 40.836857096577774 ], [ -7.70865512463422, 40.828523762661575 ], [ -7.721155124609254, 40.833976237113689 ], [ -7.727031623110861, 40.829809570155589 ], [ -7.739635043322551, 40.828523762661575 ], [ -7.750321790618102, 40.824357096602796 ], [ -7.756198290019029, 40.828523762661575 ], [ -7.767300415281909, 40.829809570155589 ], [ -7.785543823088915, 40.813067288224829 ], [ -7.789456177060856, 40.816099378583488 ], [ -7.810543823038984, 40.817233954283608 ], [ -7.822789510027803, 40.824432711600423 ], [ -7.839710489947095, 40.825567288199863 ], [ -7.844865587376887, 40.829562717045803 ], [ -7.850395881065026, 40.840698920318971 ], [ -7.856377156880228, 40.842233954233677 ], [ -7.874291483864852, 40.850887382946439 ], [ -7.87570851683455, 40.861612616728905 ], [ -7.894091119009886, 40.871186658937233 ], [ -7.897575547673341, 40.874646674604378 ], [ -7.90659111898492, 40.875353325895333 ], [ -7.910075547648376, 40.878813340663214 ], [ -7.931591118934932, 40.879519992853432 ], [ -7.935075547598387, 40.882980007621313 ], [ -7.943381076275614, 40.883686658912211 ], [ -7.949641927033269, 40.877457003837719 ], [ -7.956591118885001, 40.875353325895333 ], [ -7.968408880565335, 40.882980007621313 ], [ -7.975000000149862, 40.883333333266762 ], [ -7.9811228436443, 40.879733954158723 ], [ -7.996579997069148, 40.878599377559283 ], [ -8.014456176611191, 40.888067288074922 ], [ -8.043877157404836, 40.886932712374801 ], [ -8.056122842595073, 40.875567288099944 ], [ -8.068877155556265, 40.874432712399823 ], [ -8.084079996894275, 40.866099377584248 ], [ -8.089594861813396, 40.870373535110616 ], [ -8.101956176436374, 40.858900621166811 ], [ -8.103813341212685, 40.851742214631543 ], [ -8.100353326444804, 40.848257785068768 ], [ -8.099646674254586, 40.839242214656508 ], [ -8.095831976764259, 40.835400729959758 ], [ -8.101742214231763, 40.829519992054031 ], [ -8.117413329861222, 40.833900621216742 ], [ -8.122789510327607, 40.829733954258643 ], [ -8.136600409781067, 40.828505451565377 ], [ -8.138379583550886, 40.821572196599618 ], [ -8.14657999676939, 40.820266046440963 ], [ -8.151956176336398, 40.824432711600423 ], [ -8.166666666733249, 40.825000000349803 ], [ -8.171684095944215, 40.836649238071914 ], [ -8.181122843244566, 40.841099379432876 ], [ -8.189710490146979, 40.842233954233677 ], [ -8.193375235578628, 40.845839353403505 ], [ -8.203151425597753, 40.847544966227247 ], [ -8.204751273652334, 40.848109882565097 ], [ -8.214456177110833, 40.85776604456737 ], [ -8.222149496801762, 40.857976601938674 ], [ -8.22332495838009, 40.858621927559966 ], [ -8.235553176038195, 40.863090051764516 ], [ -8.241666666583342, 40.866666666333629 ], [ -8.242517428836209, 40.874149237997017 ] ] ] } },
{ "type": "Feature", "properties": { "pfaf_id": 231803, "province": "Bragança", "area_km2": 326.6, "bws_score": 0.0, "pvout": 1530.0, "solar_norm": 0.708, "water_stress_norm": 0.0, "viability": 0.708, "lon": -6.3359, "lat": 41.4732, "runoff_mm": 642.0, "avail_m3_yr": 206346129.0, "avail_Mm3_yr": 206.3, "bws_monthly": [ 0.0, 0.0, 0.0, 0.0, 0.0, 0.0, 0.0, 0.0, 0.0, 0.0, 0.0, 0.0 ], "coastal": false }, "geometry": { "type": "Polygon", "coordinates": [ [ [ -6.360324140446664, 41.381916044789705 ], [ -6.370857714312024, 41.392242430144108 ], [ -6.378075119970788, 41.38697051977374 ], [ -6.390055894563829, 41.384370808166295 ], [ -6.393440004752392, 41.37010383642297 ], [ -6.385018584939701, 41.363067630666649 ], [ -6.376553059675928, 41.359859467440515 ], [ -6.381024839624615, 41.355598449908598 ], [ -6.392571450312118, 41.349838255331292 ], [ -6.405135150166984, 41.350280760448811 ], [ -6.414744733582552, 41.348117827975443 ], [ -6.419881343649024, 41.343362535852407 ], [ -6.426327610330929, 41.332891081758078 ], [ -6.419331074569413, 41.325256350200448 ], [ -6.432893277302867, 41.320729258348649 ], [ -6.438520429773973, 41.314670559898445 ], [ -6.437404874735137, 41.30561828455626 ], [ -6.44929123040589, 41.298835749670161 ], [ -6.458943125125074, 41.297676085582964 ], [ -6.469063402953623, 41.301100732712712 ], [ -6.476400077601454, 41.295805442667074 ], [ -6.482980007821084, 41.301742214631531 ], [ -6.483686659111981, 41.310757785043791 ], [ -6.495480007796061, 41.322575547623501 ], [ -6.49201999212886, 41.330908882439019 ], [ -6.491313340837962, 41.3475462170843 ], [ -6.495480007796061, 41.351742215430932 ], [ -6.494945949895623, 41.365958150648169 ], [ -6.481377156930193, 41.370266045341793 ], [ -6.467566256577413, 41.371494547135683 ], [ -6.465698919569434, 41.378770786442715 ], [ -6.442233954433391, 41.393622843619369 ], [ -6.44109937873327, 41.402210489622462 ], [ -6.436932711775171, 41.41054382443798 ], [ -6.429733953559037, 41.418622843569437 ], [ -6.428315904355429, 41.424149067825283 ], [ -6.418877156155759, 41.428599379158072 ], [ -6.408333333616383, 41.429166667008133 ], [ -6.395847914349702, 41.452083332579775 ], [ -6.399646674054736, 41.455908881289872 ], [ -6.39926486508142, 41.465864054382678 ], [ -6.388294135266108, 41.467460801574759 ], [ -6.383950804585936, 41.481173197385203 ], [ -6.382275730040874, 41.495464070410549 ], [ -6.373006184787528, 41.503561570610032 ], [ -6.366061739557608, 41.505495368416575 ], [ -6.367271593009548, 41.518839348856943 ], [ -6.371138847779548, 41.524055142430939 ], [ -6.36174180743842, 41.525443861145334 ], [ -6.354707167401784, 41.520228238442485 ], [ -6.341666666783226, 41.524999999850138 ], [ -6.3454800071965, 41.535075548098121 ], [ -6.346186659386774, 41.548257784569159 ], [ -6.357980007171534, 41.560075548048133 ], [ -6.357980007171534, 41.573257785418491 ], [ -6.354519992403652, 41.576742214981266 ], [ -6.353813341112755, 41.585757785393525 ], [ -6.33995327392438, 41.607979159910371 ], [ -6.318408881164885, 41.608686659261991 ], [ -6.314924453400749, 41.612146674029816 ], [ -6.30590888118985, 41.612853325320771 ], [ -6.301433001231999, 41.616391052305289 ], [ -6.293408881214873, 41.61701999227887 ], [ -6.283687676644888, 41.626714918658649 ], [ -6.282980007321441, 41.644091118310541 ], [ -6.279304133678806, 41.649421232803718 ], [ -6.254044412219798, 41.632496834561323 ], [ -6.235024375074829, 41.606713611444093 ], [ -6.230070109747714, 41.603656769944052 ], [ -6.208693980143039, 41.599113459718467 ], [ -6.200062514673277, 41.593233104923911 ], [ -6.189755837961513, 41.574664433916553 ], [ -6.201391697368877, 41.567982672562323 ], [ -6.211857079240758, 41.558885575009356 ], [ -6.217033623702719, 41.550982156601322 ], [ -6.217606785025055, 41.542595863408394 ], [ -6.227502819599408, 41.533580780428736 ], [ -6.236650944685323, 41.521696090302385 ], [ -6.246174814615927, 41.515729905111073 ], [ -6.256492374923141, 41.514799114887296 ], [ -6.257709504789773, 41.511606214954895 ], [ -6.250819205042205, 41.500520704666826 ], [ -6.257404563569708, 41.497140885143779 ], [ -6.26425600001437, 41.498798369848942 ], [ -6.267703138289164, 41.494107567210506 ], [ -6.262897969765447, 41.488700870049172 ], [ -6.284025190410148, 41.479003910302254 ], [ -6.286942010165603, 41.465389250113844 ], [ -6.2956976872984, 41.460213665228537 ], [ -6.305374799007723, 41.447352249306903 ], [ -6.294845100321083, 41.436248779557559 ], [ -6.300032139871291, 41.428688049613868 ], [ -6.309957979776925, 41.419418329892039 ], [ -6.319025039973553, 41.415458679674373 ], [ -6.326849940372426, 41.416393280325678 ], [ -6.333639140134153, 41.409305570395816 ], [ -6.331161980041315, 41.404567719724525 ], [ -6.3206374650469, 41.401159285572646 ], [ -6.315516944751153, 41.389564515290203 ], [ -6.318075340604423, 41.385676067096881 ], [ -6.3262479890534, 41.386626244905358 ], [ -6.341344829999855, 41.379951480276645 ], [ -6.354102351742085, 41.378843832077223 ], [ -6.360324140446664, 41.381916044789705 ] ] ] } },
{ "type": "Feature", "properties": { "pfaf_id": 231901, "province": "Braga", "area_km2": 5248.9, "bws_score": 3.164, "pvout": 1419.0, "solar_norm": 0.329, "water_stress_norm": 0.633, "viability": 0.121, "lon": -8.4054, "lat": 41.6114, "runoff_mm": 657.0, "avail_m3_yr": 3393741717.0, "avail_Mm3_yr": 3393.7, "bws_monthly": [ 1.357, 1.388, 1.241, 1.339, 1.528, 2.845, 3.763, 3.934, 3.761, 3.089, 2.285, 1.814 ], "coastal": true }, "geometry": { "type": "MultiPolygon", "coordinates": [ [ [ [ -8.711819404342009, 41.184261999591683 ], [ -8.710330411219445, 41.185345758200242 ], [ -8.706900640652009, 41.186173487016845 ], [ -8.709217841030465, 41.18189701913218 ], [ -8.709666632409096, 41.177027891723867 ], [ -8.711776145152953, 41.180467515263672 ], [ -8.711819404342009, 41.184261999591683 ] ] ], [ [ [ -8.168408881064977, 41.379519992753501 ], [ -8.176742214981175, 41.375353325795402 ], [ -8.19337971959834, 41.374646675403824 ], [ -8.204166666658296, 41.379166667108052 ], [ -8.219896104221789, 41.366099378383637 ], [ -8.228420003580254, 41.371400621041857 ], [ -8.240697564341076, 41.370166863609938 ], [ -8.257766045666415, 41.352210489722381 ], [ -8.267586262895691, 41.329749552000294 ], [ -8.276956176985948, 41.321400621141777 ], [ -8.293761529271137, 41.312959797556687 ], [ -8.306122843894059, 41.324432712399812 ], [ -8.311649238121788, 41.325850931575303 ], [ -8.312853326020161, 41.331591118935023 ], [ -8.322902425206735, 41.341667514344351 ], [ -8.330908881639516, 41.333686658912256 ], [ -8.339924452051775, 41.332980007621302 ], [ -8.348257785068654, 41.328813340663203 ], [ -8.380879720122948, 41.32951999285342 ], [ -8.393408882413951, 41.321186658937222 ], [ -8.400000000199782, 41.320833333291773 ], [ -8.401088121419605, 41.312860276780384 ], [ -8.414506361579299, 41.300617642090572 ], [ -8.424264866430406, 41.299197387749302 ], [ -8.425617471968735, 41.285339863843717 ], [ -8.432715861347901, 41.277160135931581 ], [ -8.434194946639423, 41.266997782421754 ], [ -8.445536635107601, 41.261393568058793 ], [ -8.453549194339814, 41.252160135981569 ], [ -8.455153062363877, 41.246550496008638 ], [ -8.469846937785917, 41.24511616997529 ], [ -8.47181972929701, 41.238217162991759 ], [ -8.486697386575088, 41.236764865805981 ], [ -8.488361612598283, 41.225331116437928 ], [ -8.493673026588851, 41.221450975282323 ], [ -8.503835720941709, 41.219971889990802 ], [ -8.509491983568125, 41.208447265928612 ], [ -8.527424451677064, 41.200353326145148 ], [ -8.535075548197938, 41.207980007871129 ], [ -8.551713053714423, 41.208686659162026 ], [ -8.55590888118985, 41.204519992203927 ], [ -8.569091118560209, 41.20381334091303 ], [ -8.578808932686059, 41.194121805876705 ], [ -8.582980007221522, 41.185757785293617 ], [ -8.58368665941174, 41.176742214881358 ], [ -8.597548420922863, 41.162854682397722 ], [ -8.604166666758204, 41.162499999675276 ], [ -8.610289510252642, 41.166099378783372 ], [ -8.625746663677546, 41.167233953584116 ], [ -8.635543823188868, 41.161932711825216 ], [ -8.643622843219589, 41.154733955407778 ], [ -8.649338785756299, 41.153267076614327 ], [ -8.649999999700185, 41.145833333641463 ], [ -8.662499999675219, 41.145833333641463 ], [ -8.673060919225975, 41.14564534205897 ], [ -8.67440126340756, 41.146035841181174 ], [ -8.684052220133822, 41.157234364774183 ], [ -8.686437529768114, 41.160014155728732 ], [ -8.69084134615116, 41.168276838905058 ], [ -8.689098596722829, 41.171618462422146 ], [ -8.697698100287028, 41.179030763758817 ], [ -8.698786416659743, 41.18587977293322 ], [ -8.701934470099673, 41.183456860845524 ], [ -8.706900640652009, 41.186173487016845 ], [ -8.704999919910335, 41.189304349915858 ], [ -8.71131920231926, 41.197830856408928 ], [ -8.716058530576674, 41.206824177593774 ], [ -8.715347610203992, 41.219819383857555 ], [ -8.717059145962764, 41.22383599443566 ], [ -8.720595221791996, 41.227602390238189 ], [ -8.725833414780197, 41.239953357261697 ], [ -8.723880642177846, 41.249310697930412 ], [ -8.723193884789907, 41.257360454921127 ], [ -8.726944924668487, 41.264999389909974 ], [ -8.729239755310402, 41.277524346971063 ], [ -8.735796449746317, 41.295021057575809 ], [ -8.739651798391719, 41.310139657619175 ], [ -8.739582632432473, 41.332611845860072 ], [ -8.741508573761621, 41.336051820135424 ], [ -8.745441674193842, 41.340269087448462 ], [ -8.752906995061721, 41.3411509401638 ], [ -8.754117894425235, 41.342379629916024 ], [ -8.754660217095307, 41.344008561146211 ], [ -8.754527243337577, 41.345247461800966 ], [ -8.755129423983703, 41.352680829756537 ], [ -8.763143359178628, 41.366037593160456 ], [ -8.763019560304429, 41.375029247002203 ], [ -8.771050481894179, 41.381276276079348 ], [ -8.774609541696918, 41.38733538911697 ], [ -8.778113819297289, 41.395802312826504 ], [ -8.778346424447875, 41.397789992614094 ], [ -8.77777815004157, 41.401713053015044 ], [ -8.785798369698966, 41.412679434608265 ], [ -8.783842403604012, 41.430222826322449 ], [ -8.779456761620224, 41.447405494567988 ], [ -8.774999392408006, 41.472100364440337 ], [ -8.776619590321786, 41.482453663805586 ], [ -8.781248809185172, 41.486372307635918 ], [ -8.782044100354881, 41.487440257062246 ], [ -8.787844284186292, 41.498741893323768 ], [ -8.786948825627746, 41.508450001966082 ], [ -8.786951628814563, 41.511304829654193 ], [ -8.787630822004758, 41.515219931055015 ], [ -8.79059022375975, 41.526519426930065 ], [ -8.78553835321236, 41.532917019604838 ], [ -8.787792406794097, 41.54056870338303 ], [ -8.790186495610214, 41.541421466627412 ], [ -8.791721421606269, 41.541885561769334 ], [ -8.791666029663475, 41.54958344012374 ], [ -8.79853466834021, 41.569969720126551 ], [ -8.803789964635087, 41.580149137372871 ], [ -8.804393185796869, 41.581879689296272 ], [ -8.805303950816608, 41.585321612402538 ], [ -8.807250771705696, 41.60044793042772 ], [ -8.808844146440151, 41.608400678448618 ], [ -8.809553797869455, 41.612809630859829 ], [ -8.813194032278716, 41.620430949928448 ], [ -8.818938693765631, 41.625519891429917 ], [ -8.819857842265549, 41.627240865573526 ], [ -8.820827101889222, 41.638737487445155 ], [ -8.827121224864584, 41.649912516249685 ], [ -8.826287142337719, 41.654596309572071 ], [ -8.825724234185998, 41.669908600201779 ], [ -8.830260593551486, 41.677561442306796 ], [ -8.835136695202266, 41.67967748502798 ], [ -8.839124725325746, 41.683516837432137 ], [ -8.847500800421528, 41.683193210098636 ], [ -8.849664767115257, 41.692512194682081 ], [ -8.860734802768889, 41.704534528745569 ], [ -8.870999081842115, 41.727159135885472 ], [ -8.878036227389941, 41.746962412385471 ], [ -8.879970206859525, 41.74876491996514 ], [ -8.88072924276031, 41.753163997820309 ], [ -8.878361891687916, 41.762615968752016 ], [ -8.869721889853281, 41.77708434996282 ], [ -8.870354147425928, 41.782354909551486 ], [ -8.87024670182376, 41.785211731935931 ], [ -8.874378968814312, 41.794029940729217 ], [ -8.874759248940165, 41.79785398937014 ], [ -8.868805504070735, 41.801306152157224 ], [ -8.864561080829162, 41.810184482427985 ], [ -8.870784277872076, 41.817223841207351 ], [ -8.873526705592951, 41.819565475266529 ], [ -8.87468915577989, 41.823881300181938 ], [ -8.875787737014377, 41.837131500218618 ], [ -8.866527575287307, 41.84684685559796 ], [ -8.866282379628046, 41.848868287841242 ], [ -8.867864463374246, 41.858901601227956 ], [ -8.869523792588893, 41.862527618255058 ], [ -8.860543823638523, 41.870266045241863 ], [ -8.856133524042832, 41.87053127779626 ], [ -8.846793280385555, 41.871489291397722 ], [ -8.841892842180869, 41.878285510368073 ], [ -8.833279254334059, 41.883237297163589 ], [ -8.832980007621188, 41.885757785693329 ], [ -8.817019991979009, 41.901742214331762 ], [ -8.816919632135296, 41.9036143789005 ], [ -8.81666666633356, 41.908333333016969 ], [ -8.812500000274724, 41.908333333016969 ], [ -8.808407617317641, 41.908553497845674 ], [ -8.800000000299747, 41.912499999975068 ], [ -8.795781446056822, 41.914855488989701 ], [ -8.788209185905146, 41.916636812139245 ], [ -8.779216884551545, 41.920910322153702 ], [ -8.775000000349678, 41.920833332992004 ], [ -8.770833333391579, 41.919253766448207 ], [ -8.770833333391579, 41.908333333016969 ], [ -8.730086601915104, 41.908915372446529 ], [ -8.728267075565043, 41.916005452090019 ], [ -8.714456177010902, 41.917233954783228 ], [ -8.70482788140157, 41.921732923935338 ], [ -8.704166666558365, 41.929166666908202 ], [ -8.664242214906267, 41.928813341262753 ], [ -8.660757785343492, 41.925353325595552 ], [ -8.639953612868908, 41.924646674304654 ], [ -8.635757785393423, 41.928813341262753 ], [ -8.622575548023065, 41.933686660411126 ], [ -8.610757785443411, 41.945480007296567 ], [ -8.605908881089931, 41.946186658587465 ], [ -8.594091119409597, 41.957980007271544 ], [ -8.585786946910048, 41.958686658562499 ], [ -8.577450561594105, 41.953813341212765 ], [ -8.56702440095529, 41.964211528439364 ], [ -8.566313341187708, 41.9690911185603 ], [ -8.558333332916959, 41.979166666808283 ], [ -8.543408881214873, 41.978813341162834 ], [ -8.531591118635163, 41.971186659436853 ], [ -8.522575548222903, 41.970480007246579 ], [ -8.518379719848156, 41.966313341187799 ], [ -8.510416665596608, 41.970818753083051 ], [ -8.506591118685151, 41.967019991579377 ], [ -8.497545369723014, 41.966310966977574 ], [ -8.491666666983065, 41.95833333291705 ], [ -8.476956176586214, 41.95890062166643 ], [ -8.456377156580459, 41.970266045042024 ], [ -8.443877156605424, 41.974432712000123 ], [ -8.422789509728034, 41.975567287700244 ], [ -8.413350762427683, 41.980017598133713 ], [ -8.412500000174816, 41.983333333766382 ], [ -8.393408882413951, 41.982980007221613 ], [ -8.389213053139827, 41.978813341162834 ], [ -8.381591118934921, 41.982980007221613 ], [ -8.372575547623399, 41.983686659411831 ], [ -8.364924452001787, 41.991313341137811 ], [ -8.351742214631429, 41.992019992428766 ], [ -8.348257785068654, 41.995480007196647 ], [ -8.339242214656451, 41.996186659386865 ], [ -8.331591119034897, 42.003813341112846 ], [ -8.29340888171447, 42.0045199924038 ], [ -8.289213053339665, 42.008686659361899 ], [ -8.276742214781336, 42.007980008070945 ], [ -8.272546386406589, 42.003813341112846 ], [ -8.264924452201683, 42.007980008070945 ], [ -8.256122843094658, 42.008900621566511 ], [ -8.242803956437399, 42.016931321923039 ], [ -8.240747070221062, 42.008916219408036 ], [ -8.230103895078628, 41.999432711950135 ], [ -8.226956177085867, 42.000567287650256 ], [ -8.210543823138892, 42.016099378883268 ], [ -8.193408881014989, 42.017019992378778 ], [ -8.179520331398123, 42.03088277192245 ], [ -8.179166666708284, 42.049999999700276 ], [ -8.171732923735419, 42.050661215442801 ], [ -8.170266045841288, 42.056377156180872 ], [ -8.158900621566374, 42.068622843169749 ], [ -8.15482605957493, 42.077211113302269 ], [ -8.152358854977138, 42.078701568722465 ], [ -8.147161892307452, 42.07863429044022 ], [ -8.144927639099194, 42.071470980801166 ], [ -8.126956176386386, 42.070266045741448 ], [ -8.121579996819378, 42.066099378783349 ], [ -8.114456176411352, 42.06723395358415 ], [ -8.106258816391232, 42.074538167202718 ], [ -8.09637337762922, 42.07052129132461 ], [ -8.0916666668831, 42.058333333616531 ], [ -8.088435256182095, 42.058085716082985 ], [ -8.084427830380037, 42.047336580119122 ], [ -8.08282311969117, 42.028068541430116 ], [ -8.086279229602724, 42.016248065595789 ], [ -8.099651339937338, 42.009342189590427 ], [ -8.115003590143544, 42.004867549797666 ], [ -8.124863624856346, 42.006534575410399 ], [ -8.130528449927965, 42.003229139713085 ], [ -8.140723230292792, 41.988697049629195 ], [ -8.162980557007074, 41.982404073289388 ], [ -8.165102004653761, 41.970825194926874 ], [ -8.173926736229873, 41.962043000384199 ], [ -8.175316285917802, 41.954884340240142 ], [ -8.189148067629162, 41.947162628052922 ], [ -8.197902107995844, 41.939294434290787 ], [ -8.206798793429527, 41.924724578076848 ], [ -8.216592789125855, 41.913655472322262 ], [ -8.215219974921865, 41.898314478030784 ], [ -8.205030917842521, 41.892974854106285 ], [ -8.198648215242883, 41.879216829393215 ], [ -8.182866891293941, 41.875194550388244 ], [ -8.171525954659046, 41.878911970011472 ], [ -8.166193326560744, 41.862490336859594 ], [ -8.161850930276159, 41.860923763720791 ], [ -8.163395880115729, 41.831926344725105 ], [ -8.164990430264083, 41.81811523033366 ], [ -8.154078004396354, 41.817878720326746 ], [ -8.131313323351151, 41.80901590965658 ], [ -8.106319424401875, 41.811941145267667 ], [ -8.095653529686615, 41.808486940120247 ], [ -8.090850354959855, 41.812253950159743 ], [ -8.083393812374482, 41.810848237855964 ], [ -8.065480230028527, 41.817440030133355 ], [ -8.057945725215006, 41.81574058486018 ], [ -8.05094684312229, 41.819265196131937 ], [ -8.041984796760914, 41.824951173258114 ], [ -8.038472412671638, 41.829952242901754 ], [ -8.029609205400448, 41.829658509932358 ], [ -8.019339560072581, 41.832073210310455 ], [ -8.013598756677254, 41.829232532555409 ], [ -8.003243920370608, 41.850088120170653 ], [ -7.995270964583312, 41.852962494623455 ], [ -7.98980545985404, 41.859970095643462 ], [ -7.988595643274266, 41.867588039556438 ], [ -7.974918124971452, 41.874986651412883 ], [ -7.957539161702925, 41.875367481024455 ], [ -7.948883376766389, 41.87106323398109 ], [ -7.928464890242424, 41.877845759873992 ], [ -7.921279909640077, 41.88181686025996 ], [ -7.910062789865833, 41.907344819807633 ], [ -7.909506085237581, 41.922807694719381 ], [ -7.906094073582608, 41.927051545092809 ], [ -7.887935159779772, 41.926784520189528 ], [ -7.883694170149795, 41.918380739679435 ], [ -7.88738011979666, 41.907310489987196 ], [ -7.884407040252654, 41.889053339639986 ], [ -7.888151249780321, 41.86651102496387 ], [ -7.891993161655023, 41.859326362721504 ], [ -7.881492374373522, 41.855928420060593 ], [ -7.873055460141302, 41.844964980149769 ], [ -7.868466850164964, 41.856449130223211 ], [ -7.858413220193938, 41.862644200069838 ], [ -7.849653479924086, 41.861625675584492 ], [ -7.841798145567907, 41.86707305987386 ], [ -7.844954970095728, 41.88126754536097 ], [ -7.803097406819802, 41.88194973958889 ], [ -7.792112830142969, 41.882965090366667 ], [ -7.778336999752696, 41.886875150168123 ], [ -7.763480189658992, 41.899005890309638 ], [ -7.753205779722919, 41.898223880327862 ], [ -7.744469879581231, 41.893060685402361 ], [ -7.733328819969017, 41.892276759864615 ], [ -7.722303870027531, 41.900287630170055 ], [ -7.708601567308449, 41.905717600886646 ], [ -7.715963744930832, 41.89907074042236 ], [ -7.717233954583264, 41.889456176561339 ], [ -7.737146674079725, 41.869091118760196 ], [ -7.737853325370622, 41.864242214406715 ], [ -7.745480007995923, 41.856591118785161 ], [ -7.745833333641372, 41.825000000149942 ], [ -7.734242587825122, 41.824376423733042 ], [ -7.729166666708238, 41.812500000174907 ], [ -7.732766045816334, 41.797789509778113 ], [ -7.728599378858178, 41.792413330211048 ], [ -7.729794480730675, 41.771741401244697 ], [ -7.736791483240324, 41.769945949745818 ], [ -7.738067287575234, 41.760289509853067 ], [ -7.746400620592112, 41.747789509878032 ], [ -7.757766045766346, 41.735543822889156 ], [ -7.75925309905125, 41.729749552100202 ], [ -7.768622843169624, 41.721400621241742 ], [ -7.785493469148264, 41.720215691600913 ], [ -7.789506531001564, 41.717284308224293 ], [ -7.814660136056375, 41.716049024642814 ], [ -7.82700653092661, 41.708950975207415 ], [ -7.836705864883697, 41.707539197875747 ], [ -7.838302612075836, 41.696568468060377 ], [ -7.853180440225117, 41.695116169975336 ], [ -7.855093044608282, 41.688426377675228 ], [ -7.86713578968488, 41.682715691675867 ], [ -7.872916666870651, 41.686938476329658 ], [ -7.878007846784669, 41.683219401054544 ], [ -7.880152892641831, 41.675717163016714 ], [ -7.889924452051787, 41.674646673904931 ], [ -7.899644300444038, 41.664953104602148 ], [ -7.900353325945161, 41.656620449674051 ], [ -7.896186658987062, 41.65242445222674 ], [ -7.901956176836052, 41.646400621391592 ], [ -7.907624816831799, 41.644945949995645 ], [ -7.908900621166708, 41.635289510102837 ], [ -7.916666666333526, 41.62083333359152 ], [ -7.924197387699223, 41.620098198972755 ], [ -7.925617642040493, 41.610339864093532 ], [ -7.93333333326666, 41.599999999700287 ], [ -7.960457816974611, 41.600287116357379 ], [ -7.96656726326853, 41.604045233900479 ], [ -7.976192618094785, 41.603347061417821 ], [ -7.977544575221941, 41.60330681855487 ], [ -7.989710489647337, 41.604733955407767 ], [ -8.000029691217208, 41.612496623620359 ], [ -8.010352410035637, 41.604796854890992 ], [ -8.018814256172959, 41.603536478425781 ], [ -8.02701907696877, 41.596463520974794 ], [ -8.037019855581832, 41.594973924407157 ], [ -8.04520314570857, 41.585480922806369 ], [ -8.046841430787367, 41.579897731894846 ], [ -8.061740959577548, 41.578410678609998 ], [ -8.062997266610523, 41.566085815308156 ], [ -8.058373345653308, 41.559660848169642 ], [ -8.064519076893816, 41.554796854990911 ], [ -8.072980923031139, 41.55353647942502 ], [ -8.081314256048017, 41.549369811567601 ], [ -8.089519076843885, 41.542296855015877 ], [ -8.099006991879151, 41.540883552434025 ], [ -8.099149068574604, 41.534184265091824 ], [ -8.092290242400736, 41.532424078708345 ], [ -8.091047498942885, 41.509323798554533 ], [ -8.079749552599708, 41.503246901423438 ], [ -8.071400620841928, 41.493877156405688 ], [ -8.067135450240812, 41.485416666446042 ], [ -8.075567287800027, 41.471579996919388 ], [ -8.070833332991867, 41.46249999997508 ], [ -8.07023484855938, 41.442582363885037 ], [ -8.062895880640326, 41.440698920019202 ], [ -8.058900620866893, 41.435543822589409 ], [ -8.058333333016833, 41.425000000050034 ], [ -8.06363728803035, 41.412235344885289 ], [ -8.078420002980693, 41.421400620941938 ], [ -8.093622843419439, 41.41306728792506 ], [ -8.103279283312247, 41.41179148359015 ], [ -8.107766045066853, 41.402210489622462 ], [ -8.108900621666294, 41.393622843619369 ], [ -8.116099378983108, 41.385543823588648 ], [ -8.117634412897814, 41.379562547773389 ], [ -8.124253336821994, 41.374432712299893 ], [ -8.135543823288742, 41.375567288000013 ], [ -8.139904241987153, 41.378213349766327 ], [ -8.141463191572996, 41.377577999425171 ], [ -8.152424452426487, 41.375353325795402 ], [ -8.160757785443423, 41.379519992753501 ], [ -8.168408881064977, 41.379519992753501 ] ] ] ] } },
{ "type": "Feature", "properties": { "pfaf_id": 231902, "province": "Viana do Castelo", "area_km2": 525.6, "bws_score": 1.741, "pvout": 1323.0, "solar_norm": 0.0, "water_stress_norm": 0.348, "viability": 0.0, "lon": -8.4198, "lat": 42.0282, "runoff_mm": 700.0, "avail_m3_yr": 362074980.0, "avail_Mm3_yr": 362.1, "bws_monthly": [ 0.0, 0.0, 0.0, 0.0, 0.0, 0.81, 2.154, 2.887, 2.775, 2.108, 0.969, 0.18 ], "coastal": true }, "geometry": { "type": "MultiPolygon", "coordinates": [ [ [ [ -8.767167188614792, 41.927588157967193 ], [ -8.755821224769647, 41.933540928870798 ], [ -8.748943961594478, 41.941323660058913 ], [ -8.746512428605627, 41.948960876443323 ], [ -8.746647856613265, 41.950903896797456 ], [ -8.748776440380368, 41.959144589751077 ], [ -8.745944979776937, 41.964553830195143 ], [ -8.73515128960031, 41.971420289814603 ], [ -8.716113089747239, 41.980163569792978 ], [ -8.696457859642464, 41.984766005047163 ], [ -8.690685269709377, 41.988925929787854 ], [ -8.677338919555439, 41.992101033036306 ], [ -8.670333860019582, 41.999122620312733 ], [ -8.662160869828256, 42.002555849672774 ], [ -8.657283070257449, 42.018666265235993 ], [ -8.659107843252343, 42.025485993383938 ], [ -8.653862474573486, 42.033418655046944 ], [ -8.646860759616288, 42.036224366261536 ], [ -8.640205860112303, 42.04528236578858 ], [ -8.630063059662405, 42.050163269819109 ], [ -8.603788380429364, 42.054054260395844 ], [ -8.595877645137193, 42.056755065693778 ], [ -8.585956815354677, 42.052477835183993 ], [ -8.559276579650373, 42.052570340349007 ], [ -8.547822000185135, 42.053829189765338 ], [ -8.529598239866857, 42.060398100591897 ], [ -8.52537377707813, 42.064798993278941 ], [ -8.528294087102381, 42.0740470906008 ], [ -8.521112440286856, 42.079341889616558 ], [ -8.50323295483696, 42.077690124599599 ], [ -8.486255886899642, 42.081870078141662 ], [ -8.478528494594286, 42.080657960196731 ], [ -8.451317786586515, 42.082675933647465 ], [ -8.442145110008767, 42.082214355708004 ], [ -8.429173945321281, 42.072357179939956 ], [ -8.419808389345633, 42.073176383183579 ], [ -8.405179664409957, 42.080341340380585 ], [ -8.393047330669731, 42.079838562699535 ], [ -8.390531220039747, 42.075215659774926 ], [ -8.381325241566572, 42.076683044886693 ], [ -8.370251659886151, 42.088415150638752 ], [ -8.355685470208243, 42.090167045272949 ], [ -8.341957089847767, 42.084609989559397 ], [ -8.332006591431025, 42.083957127619385 ], [ -8.325342654639769, 42.089443210635693 ], [ -8.322478535156222, 42.101601597735623 ], [ -8.303341546575041, 42.104174296406711 ], [ -8.274010182323991, 42.1237802499586 ], [ -8.259508133193719, 42.121182760576005 ], [ -8.253712335355942, 42.136377970267176 ], [ -8.240529693290682, 42.139190672811367 ], [ -8.233774978032784, 42.134107587695041 ], [ -8.225314140035493, 42.132946015246432 ], [ -8.218300820226602, 42.138293265421908 ], [ -8.206586840310365, 42.141021730268676 ], [ -8.200286385208472, 42.148990630113531 ], [ -8.194827269263044, 42.147599794395035 ], [ -8.18770249557366, 42.137065889579219 ], [ -8.193405149727823, 42.129081726440575 ], [ -8.191510994936436, 42.114221573566795 ], [ -8.188943862169481, 42.111451148152014 ], [ -8.186040894671521, 42.097559794449012 ], [ -8.187787247683275, 42.092509459943699 ], [ -8.185090703373191, 42.084162393379813 ], [ -8.186264514695551, 42.072719569852325 ], [ -8.182262147579991, 42.06544549341487 ], [ -8.170352940136013, 42.067310330307578 ], [ -8.159598349783948, 42.075775149603544 ], [ -8.15482605957493, 42.077211113302269 ], [ -8.158900621566374, 42.068622843169749 ], [ -8.170266045841288, 42.056377156180872 ], [ -8.171732923735419, 42.050661215442801 ], [ -8.179166666708284, 42.049999999700276 ], [ -8.179520331398123, 42.03088277192245 ], [ -8.193408881014989, 42.017019992378778 ], [ -8.210543823138892, 42.016099378883268 ], [ -8.226956177085867, 42.000567287650256 ], [ -8.230103895078628, 41.999432711950135 ], [ -8.240747070221062, 42.008916219408036 ], [ -8.242803956437399, 42.016931321923039 ], [ -8.256122843094658, 42.008900621566511 ], [ -8.264924452201683, 42.007980008070945 ], [ -8.272546386406589, 42.003813341112846 ], [ -8.276742214781336, 42.007980008070945 ], [ -8.289213053339665, 42.008686659361899 ], [ -8.29340888171447, 42.0045199924038 ], [ -8.331591119034897, 42.003813341112846 ], [ -8.339242214656451, 41.996186659386865 ], [ -8.348257785068654, 41.995480007196647 ], [ -8.351742214631429, 41.992019992428766 ], [ -8.364924452001787, 41.991313341137811 ], [ -8.372575547623399, 41.983686659411831 ], [ -8.381591118934921, 41.982980007221613 ], [ -8.389213053139827, 41.978813341162834 ], [ -8.393408882413951, 41.982980007221613 ], [ -8.412500000174816, 41.983333333766382 ], [ -8.413350762427683, 41.980017598133713 ], [ -8.422789509728034, 41.975567287700244 ], [ -8.443877156605424, 41.974432712000123 ], [ -8.456377156580459, 41.970266045042024 ], [ -8.476956176586214, 41.95890062166643 ], [ -8.491666666983065, 41.95833333291705 ], [ -8.497545369723014, 41.966310966977574 ], [ -8.506591118685151, 41.967019991579377 ], [ -8.510416665596608, 41.970818753083051 ], [ -8.518379719848156, 41.966313341187799 ], [ -8.522575548222903, 41.970480007246579 ], [ -8.531591118635163, 41.971186659436853 ], [ -8.543408881214873, 41.978813341162834 ], [ -8.558333332916959, 41.979166666808283 ], [ -8.566313341187708, 41.9690911185603 ], [ -8.56702440095529, 41.964211528439364 ], [ -8.577450561594105, 41.953813341212765 ], [ -8.585786946910048, 41.958686658562499 ], [ -8.594091119409597, 41.957980007271544 ], [ -8.605908881089931, 41.946186658587465 ], [ -8.610757785443411, 41.945480007296567 ], [ -8.622575548023065, 41.933686660411126 ], [ -8.635757785393423, 41.928813341262753 ], [ -8.639953612868908, 41.924646674304654 ], [ -8.660757785343492, 41.925353325595552 ], [ -8.664242214906267, 41.928813341262753 ], [ -8.704166666558365, 41.929166666908202 ], [ -8.70482788140157, 41.921732923935338 ], [ -8.714456177010902, 41.917233954783228 ], [ -8.728267075565043, 41.916005452090019 ], [ -8.730086601915104, 41.908915372446529 ], [ -8.770833333391579, 41.908333333016969 ], [ -8.770833333391579, 41.919253766448207 ], [ -8.775000000349678, 41.920833332992004 ], [ -8.77519817495579, 41.923252109996952 ], [ -8.771349267254834, 41.925371210413061 ], [ -8.767167188614792, 41.927588157967193 ] ] ], [ [ [ -8.088435256182095, 42.058085716082985 ], [ -8.0916666668831, 42.058333333616531 ], [ -8.09637337762922, 42.07052129132461 ], [ -8.089837069924783, 42.060527799918077 ], [ -8.088435256182095, 42.058085716082985 ] ] ], [ [ [ -8.118354160116326, 42.082150776337301 ], [ -8.096572879634664, 42.07226181043427 ], [ -8.09637337762922, 42.07052129132461 ], [ -8.106258816391232, 42.074538167202718 ], [ -8.114456176411352, 42.06723395358415 ], [ -8.121579996819378, 42.066099378783349 ], [ -8.126956176386386, 42.070266045741448 ], [ -8.144927639099194, 42.071470980801166 ], [ -8.147161892307452, 42.07863429044022 ], [ -8.13794327026568, 42.075794219727527 ], [ -8.118354160116326, 42.082150776337301 ] ] ] ] } },
{ "type": "Feature", "properties": { "pfaf_id": 231903, "province": "Viana do Castelo", "area_km2": 1.0, "bws_score": 1.107, "pvout": 1454.0, "solar_norm": 0.447, "water_stress_norm": 0.221, "viability": 0.348, "lon": -8.8161, "lat": 41.9098, "runoff_mm": 690.0, "avail_m3_yr": 679038.0, "avail_Mm3_yr": 0.7, "bws_monthly": [ 0.185, 0.241, 0.065, 0.137, 0.28, 0.811, 1.507, 1.896, 1.831, 1.67, 1.082, 0.615 ], "coastal": true }, "geometry": { "type": "MultiPolygon", "coordinates": [ [ [ [ -8.872088635681962, 41.867666537780565 ], [ -8.872637986553798, 41.868749614703006 ], [ -8.873161695955446, 41.870001602292177 ], [ -8.863090783712664, 41.871938691617402 ], [ -8.872088635681962, 41.867666537780565 ] ] ], [ [ [ -8.8183603298653, 41.911296840177101 ], [ -8.803404810183793, 41.915149689606551 ], [ -8.797273074192958, 41.915014346135195 ], [ -8.795781446056822, 41.914855488989701 ], [ -8.800000000299747, 41.912499999975068 ], [ -8.801770411075552, 41.912404753676469 ], [ -8.81159091518856, 41.911876423558169 ], [ -8.812500000274724, 41.908333333016969 ], [ -8.81666666633356, 41.908333333016969 ], [ -8.826191660416725, 41.903691753871385 ], [ -8.824592590275756, 41.905929570193564 ], [ -8.8183603298653, 41.911296840177101 ] ] ], [ [ [ -8.769679549971215, 41.926570895230668 ], [ -8.767167188614792, 41.927588157967193 ], [ -8.771349267254834, 41.925371210413061 ], [ -8.769679549971215, 41.926570895230668 ] ] ] ] } }
]
}
